town,flat_type,month,year,price
ANG MO KIO,1 ROOM,1,2024,235253.0390625
ANG MO KIO,1 ROOM,2,2024,236955.2265625
ANG MO KIO,1 ROOM,3,2024,239434.671875
ANG MO KIO,1 ROOM,4,2024,241965.546875
ANG MO KIO,1 ROOM,5,2024,244495.1953125
ANG MO KIO,1 ROOM,6,2024,247007.5625
ANG MO KIO,1 ROOM,7,2024,251187.3125
ANG MO KIO,1 ROOM,8,2024,255528.1640625
ANG MO KIO,1 ROOM,9,2024,259904.9609375
ANG MO KIO,1 ROOM,10,2024,264280.8515625
ANG MO KIO,1 ROOM,11,2024,268606.2265625
ANG MO KIO,1 ROOM,12,2024,272947.2265625
ANG MO KIO,2 ROOM,1,2024,358185.7421875
ANG MO KIO,2 ROOM,2,2024,360094.234375
ANG MO KIO,2 ROOM,3,2024,362053.390625
ANG MO KIO,2 ROOM,4,2024,363943.984375
ANG MO KIO,2 ROOM,5,2024,365868.859375
ANG MO KIO,2 ROOM,6,2024,367812.6953125
ANG MO KIO,2 ROOM,7,2024,369720.2734375
ANG MO KIO,2 ROOM,8,2024,371646.359375
ANG MO KIO,2 ROOM,9,2024,373554.703125
ANG MO KIO,2 ROOM,10,2024,375464.5546875
ANG MO KIO,2 ROOM,11,2024,377405.203125
ANG MO KIO,2 ROOM,12,2024,379330.6875
ANG MO KIO,3 ROOM,1,2024,483927.109375
ANG MO KIO,3 ROOM,2,2024,485851.828125
ANG MO KIO,3 ROOM,3,2024,487777.765625
ANG MO KIO,3 ROOM,4,2024,489702.3359375
ANG MO KIO,3 ROOM,5,2024,491661.3359375
ANG MO KIO,3 ROOM,6,2024,493570.4375
ANG MO KIO,3 ROOM,7,2024,495461.6328125
ANG MO KIO,3 ROOM,8,2024,497388.484375
ANG MO KIO,3 ROOM,9,2024,499313.203125
ANG MO KIO,3 ROOM,10,2024,501238.53125
ANG MO KIO,3 ROOM,11,2024,503146.875
ANG MO KIO,3 ROOM,12,2024,505054.7578125
ANG MO KIO,4 ROOM,1,2024,609718.828125
ANG MO KIO,4 ROOM,2,2024,611592.734375
ANG MO KIO,4 ROOM,3,2024,613517
ANG MO KIO,4 ROOM,4,2024,615478.125
ANG MO KIO,4 ROOM,5,2024,617385.859375
ANG MO KIO,4 ROOM,6,2024,619294.65625
ANG MO KIO,4 ROOM,7,2024,621237.125
ANG MO KIO,4 ROOM,8,2024,623129.3828125
ANG MO KIO,4 ROOM,9,2024,625053.9609375
ANG MO KIO,4 ROOM,10,2024,626944.546875
ANG MO KIO,4 ROOM,11,2024,628888.078125
ANG MO KIO,4 ROOM,12,2024,630829.1875
ANG MO KIO,5 ROOM,1,2024,736351.375
ANG MO KIO,5 ROOM,2,2024,738259.109375
ANG MO KIO,5 ROOM,3,2024,740202.9375
ANG MO KIO,5 ROOM,4,2024,742109.9140625
ANG MO KIO,5 ROOM,5,2024,744019.1640625
ANG MO KIO,5 ROOM,6,2024,745961.328125
ANG MO KIO,5 ROOM,7,2024,747870.578125
ANG MO KIO,5 ROOM,8,2024,749778.6171875
ANG MO KIO,5 ROOM,9,2024,751703.9453125
ANG MO KIO,5 ROOM,10,2024,753629.4296875
ANG MO KIO,5 ROOM,11,2024,755537.15625
ANG MO KIO,5 ROOM,12,2024,757462.484375
ANG MO KIO,EXECUTIVE,1,2024,862109.421875
ANG MO KIO,EXECUTIVE,2,2024,863983.171875
ANG MO KIO,EXECUTIVE,3,2024,865960.53125
ANG MO KIO,EXECUTIVE,4,2024,867851.125
ANG MO KIO,EXECUTIVE,5,2024,869811.1875
ANG MO KIO,EXECUTIVE,6,2024,871702.390625
ANG MO KIO,EXECUTIVE,7,2024,873594.796875
ANG MO KIO,EXECUTIVE,8,2024,875536.2109375
ANG MO KIO,EXECUTIVE,9,2024,877444.3984375
ANG MO KIO,EXECUTIVE,10,2024,879370.6328125
ANG MO KIO,EXECUTIVE,11,2024,881294.296875
ANG MO KIO,EXECUTIVE,12,2024,883238.5859375
ANG MO KIO,MULTI-GENERATION,1,2024,987850.171875
ANG MO KIO,MULTI-GENERATION,2,2024,989776.109375
ANG MO KIO,MULTI-GENERATION,3,2024,991701.4375
ANG MO KIO,MULTI-GENERATION,4,2024,993575.4921875
ANG MO KIO,MULTI-GENERATION,5,2024,995536.015625
ANG MO KIO,MULTI-GENERATION,6,2024,997443.6015625
ANG MO KIO,MULTI-GENERATION,7,2024,999385.0078125
ANG MO KIO,MULTI-GENERATION,8,2024,1001278.171875
ANG MO KIO,MULTI-GENERATION,9,2024,1003202.8984375
ANG MO KIO,MULTI-GENERATION,10,2024,1005128.2265625
ANG MO KIO,MULTI-GENERATION,11,2024,1007053.25
ANG MO KIO,MULTI-GENERATION,12,2024,1008996.4765625
BEDOK,1 ROOM,1,2024,232250.859375
BEDOK,1 ROOM,2,2024,233881.7578125
BEDOK,1 ROOM,3,2024,236429.6171875
BEDOK,1 ROOM,4,2024,238926.203125
BEDOK,1 ROOM,5,2024,241421.7265625
BEDOK,1 ROOM,6,2024,243952.6015625
BEDOK,1 ROOM,7,2024,247283.640625
BEDOK,1 ROOM,8,2024,251643.140625
BEDOK,1 ROOM,9,2024,255983.6875
BEDOK,1 ROOM,10,2024,260344.40625
BEDOK,1 ROOM,11,2024,264684.953125
BEDOK,1 ROOM,12,2024,269009.1171875
BEDOK,2 ROOM,1,2024,355667
BEDOK,2 ROOM,2,2024,357609.3203125
BEDOK,2 ROOM,3,2024,359517.9609375
BEDOK,2 ROOM,4,2024,361478.1796875
BEDOK,2 ROOM,5,2024,363385.7578125
BEDOK,2 ROOM,6,2024,365310.484375
BEDOK,2 ROOM,7,2024,367202.7421875
BEDOK,2 ROOM,8,2024,369127.765625
BEDOK,2 ROOM,9,2024,371054.0078125
BEDOK,2 ROOM,10,2024,372995.265625
BEDOK,2 ROOM,11,2024,374904.359375
BEDOK,2 ROOM,12,2024,376812.703125
BEDOK,3 ROOM,1,2024,481457.9609375
BEDOK,3 ROOM,2,2024,483367.515625
BEDOK,3 ROOM,3,2024,485293.3046875
BEDOK,3 ROOM,4,2024,487201.03125
BEDOK,3 ROOM,5,2024,489143.1953125
BEDOK,3 ROOM,6,2024,491051.5390625
BEDOK,3 ROOM,7,2024,492977.9296875
BEDOK,3 ROOM,8,2024,494868.8203125
BEDOK,3 ROOM,9,2024,496812.203125
BEDOK,3 ROOM,10,2024,498719.6328125
BEDOK,3 ROOM,11,2024,500610.375
BEDOK,3 ROOM,12,2024,502588.1875
BEDOK,4 ROOM,1,2024,607199.78125
BEDOK,4 ROOM,2,2024,609143.4609375
BEDOK,4 ROOM,3,2024,611051.046875
BEDOK,4 ROOM,4,2024,612941.7890625
BEDOK,4 ROOM,5,2024,614885.3203125
BEDOK,4 ROOM,6,2024,616810.34375
BEDOK,4 ROOM,7,2024,618719.2890625
BEDOK,4 ROOM,8,2024,620661
BEDOK,4 ROOM,9,2024,622586.7890625
BEDOK,4 ROOM,10,2024,624460.84375
BEDOK,4 ROOM,11,2024,626386.625
BEDOK,4 ROOM,12,2024,628312.4140625
BEDOK,5 ROOM,1,2024,733867.96875
BEDOK,5 ROOM,2,2024,735775.8515625
BEDOK,5 ROOM,3,2024,737682.828125
BEDOK,5 ROOM,4,2024,739626.359375
BEDOK,5 ROOM,5,2024,741533.640625
BEDOK,5 ROOM,6,2024,743443.4921875
BEDOK,5 ROOM,7,2024,745368.9765625
BEDOK,5 ROOM,8,2024,747295.0625
BEDOK,5 ROOM,9,2024,749185.5
BEDOK,5 ROOM,10,2024,751110.375
BEDOK,5 ROOM,11,2024,753086.671875
BEDOK,5 ROOM,12,2024,754995.015625
BEDOK,EXECUTIVE,1,2024,859590.5234375
BEDOK,EXECUTIVE,2,2024,861549.828125
BEDOK,EXECUTIVE,3,2024,863441.6328125
BEDOK,EXECUTIVE,4,2024,865350.5859375
BEDOK,EXECUTIVE,5,2024,867275.453125
BEDOK,EXECUTIVE,6,2024,869218.6796875
BEDOK,EXECUTIVE,7,2024,871126.71875
BEDOK,EXECUTIVE,8,2024,873019.28125
BEDOK,EXECUTIVE,9,2024,874926.2578125
BEDOK,EXECUTIVE,10,2024,876885.109375
BEDOK,EXECUTIVE,11,2024,878845.171875
BEDOK,EXECUTIVE,12,2024,880735.765625
BEDOK,MULTI-GENERATION,1,2024,985331.734375
BEDOK,MULTI-GENERATION,2,2024,987274.203125
BEDOK,MULTI-GENERATION,3,2024,989182.6953125
BEDOK,MULTI-GENERATION,4,2024,991109.234375
BEDOK,MULTI-GENERATION,5,2024,992999.828125
BEDOK,MULTI-GENERATION,6,2024,994960.3515625
BEDOK,MULTI-GENERATION,7,2024,996850.9375
BEDOK,MULTI-GENERATION,8,2024,998775.0546875
BEDOK,MULTI-GENERATION,9,2024,1000718.734375
BEDOK,MULTI-GENERATION,10,2024,1002626.625
BEDOK,MULTI-GENERATION,11,2024,1004552.859375
BEDOK,MULTI-GENERATION,12,2024,1006494.7265625
BISHAN,1 ROOM,1,2024,229281.453125
BISHAN,1 ROOM,2,2024,230860.7734375
BISHAN,1 ROOM,3,2024,233373.4375
BISHAN,1 ROOM,4,2024,235887.1640625
BISHAN,1 ROOM,5,2024,238434.421875
BISHAN,1 ROOM,6,2024,240946.78125
BISHAN,1 ROOM,7,2024,243477.6484375
BISHAN,1 ROOM,8,2024,247705.1875
BISHAN,1 ROOM,9,2024,252064.5390625
BISHAN,1 ROOM,10,2024,256422.2265625
BISHAN,1 ROOM,11,2024,260765.8046875
BISHAN,1 ROOM,12,2024,265106.8046875
BISHAN,2 ROOM,1,2024,353216.8203125
BISHAN,2 ROOM,2,2024,355125.15625
BISHAN,2 ROOM,3,2024,357034.1015625
BISHAN,2 ROOM,4,2024,358958.9765625
BISHAN,2 ROOM,5,2024,360867.1640625
BISHAN,2 ROOM,6,2024,362810.09375
BISHAN,2 ROOM,7,2024,364734.9609375
BISHAN,2 ROOM,8,2024,366644.3671875
BISHAN,2 ROOM,9,2024,368534.3515625
BISHAN,2 ROOM,10,2024,370512.46875
BISHAN,2 ROOM,11,2024,372419.59375
BISHAN,2 ROOM,12,2024,374327.4765625
BISHAN,3 ROOM,1,2024,478975.3203125
BISHAN,3 ROOM,2,2024,480882.75
BISHAN,3 ROOM,3,2024,482792.3046875
BISHAN,3 ROOM,4,2024,484700.9453125
BISHAN,3 ROOM,5,2024,486625.2109375
BISHAN,3 ROOM,6,2024,488567.984375
BISHAN,3 ROOM,7,2024,490459.1875
BISHAN,3 ROOM,8,2024,492401.1953125
BISHAN,3 ROOM,9,2024,494292.703125
BISHAN,3 ROOM,10,2024,496253.375
BISHAN,3 ROOM,11,2024,498127.125
BISHAN,3 ROOM,12,2024,500051.6953125
BISHAN,4 ROOM,1,2024,604716.375
BISHAN,4 ROOM,2,2024,606607.1171875
BISHAN,4 ROOM,3,2024,608515.3046875
BISHAN,4 ROOM,4,2024,610458.6875
BISHAN,4 ROOM,5,2024,612382.953125
BISHAN,4 ROOM,6,2024,614309.796875
BISHAN,4 ROOM,7,2024,616216.625
BISHAN,4 ROOM,8,2024,618142.7109375
BISHAN,4 ROOM,9,2024,620068.4921875
BISHAN,4 ROOM,10,2024,621976.078125
BISHAN,4 ROOM,11,2024,623868.3359375
BISHAN,4 ROOM,12,2024,625810.3515625
BISHAN,5 ROOM,1,2024,731331.6328125
BISHAN,5 ROOM,2,2024,733256.1953125
BISHAN,5 ROOM,3,2024,735216.5703125
BISHAN,5 ROOM,4,2024,737090.3203125
BISHAN,5 ROOM,5,2024,739050.390625
BISHAN,5 ROOM,6,2024,740941.1328125
BISHAN,5 ROOM,7,2024,742866.9140625
BISHAN,5 ROOM,8,2024,744776.46875
BISHAN,5 ROOM,9,2024,746702.40625
BISHAN,5 ROOM,10,2024,748626.3671875
BISHAN,5 ROOM,11,2024,750585.21875
BISHAN,5 ROOM,12,2024,752494.1640625
BISHAN,EXECUTIVE,1,2024,857123.046875
BISHAN,EXECUTIVE,2,2024,859013.9453125
BISHAN,EXECUTIVE,3,2024,860957.3203125
BISHAN,EXECUTIVE,4,2024,862866.265625
BISHAN,EXECUTIVE,5,2024,864791.75
BISHAN,EXECUTIVE,6,2024,866665.65625
BISHAN,EXECUTIVE,7,2024,868609.1875
BISHAN,EXECUTIVE,8,2024,870534.2109375
BISHAN,EXECUTIVE,9,2024,872458.6328125
BISHAN,EXECUTIVE,10,2024,874367.4296875
BISHAN,EXECUTIVE,11,2024,876309.2890625
BISHAN,EXECUTIVE,12,2024,878252.671875
BISHAN,MULTI-GENERATION,1,2024,982847.4140625
BISHAN,MULTI-GENERATION,2,2024,984772.4453125
BISHAN,MULTI-GENERATION,3,2024,986698.53125
BISHAN,MULTI-GENERATION,4,2024,988607.0234375
BISHAN,MULTI-GENERATION,5,2024,990499.28125
BISHAN,MULTI-GENERATION,6,2024,992423.703125
BISHAN,MULTI-GENERATION,7,2024,994366.171875
BISHAN,MULTI-GENERATION,8,2024,996291.953125
BISHAN,MULTI-GENERATION,9,2024,998216.0703125
BISHAN,MULTI-GENERATION,10,2024,1000159.7578125
BISHAN,MULTI-GENERATION,11,2024,1002033.65625
BISHAN,MULTI-GENERATION,12,2024,1003994.03125
BUKIT BATOK,1 ROOM,1,2024,226279.734375
BUKIT BATOK,1 ROOM,2,2024,227786.6953125
BUKIT BATOK,1 ROOM,3,2024,230335.6171875
BUKIT BATOK,1 ROOM,4,2024,232882.265625
BUKIT BATOK,1 ROOM,5,2024,235377.0234375
BUKIT BATOK,1 ROOM,6,2024,237925.4921875
BUKIT BATOK,1 ROOM,7,2024,240404.1796875
BUKIT BATOK,1 ROOM,8,2024,243802.1171875
BUKIT BATOK,1 ROOM,9,2024,248126.890625
BUKIT BATOK,1 ROOM,10,2024,252486.2421875
BUKIT BATOK,1 ROOM,11,2024,256809.9453125
BUKIT BATOK,1 ROOM,12,2024,261168.5390625
BUKIT BATOK,2 ROOM,1,2024,350697.3125
BUKIT BATOK,2 ROOM,2,2024,352640.84375
BUKIT BATOK,2 ROOM,3,2024,354549.03125
BUKIT BATOK,2 ROOM,4,2024,356441.296875
BUKIT BATOK,2 ROOM,5,2024,358383.4609375
BUKIT BATOK,2 ROOM,6,2024,360274.0546875
BUKIT BATOK,2 ROOM,7,2024,362200.140625
BUKIT BATOK,2 ROOM,8,2024,364158.84375
BUKIT BATOK,2 ROOM,9,2024,366068.09375
BUKIT BATOK,2 ROOM,10,2024,367958.53125
BUKIT BATOK,2 ROOM,11,2024,369919.203125
BUKIT BATOK,2 ROOM,12,2024,371827.234375
BUKIT BATOK,3 ROOM,1,2024,476456.1171875
BUKIT BATOK,3 ROOM,2,2024,478399.65625
BUKIT BATOK,3 ROOM,3,2024,480290.09375
BUKIT BATOK,3 ROOM,4,2024,482215.421875
BUKIT BATOK,3 ROOM,5,2024,484107.6796875
BUKIT BATOK,3 ROOM,6,2024,486015.71875
BUKIT BATOK,3 ROOM,7,2024,488009.15625
BUKIT BATOK,3 ROOM,8,2024,489899.8984375
BUKIT BATOK,3 ROOM,9,2024,491808.84375
BUKIT BATOK,3 ROOM,10,2024,493717.1875
BUKIT BATOK,3 ROOM,11,2024,495625.375
BUKIT BATOK,3 ROOM,12,2024,497568.4453125
BUKIT BATOK,4 ROOM,1,2024,602214.3203125
BUKIT BATOK,4 ROOM,2,2024,604140.859375
BUKIT BATOK,4 ROOM,3,2024,606031.453125
BUKIT BATOK,4 ROOM,4,2024,607939.640625
BUKIT BATOK,4 ROOM,5,2024,609848.5859375
BUKIT BATOK,4 ROOM,6,2024,611840.3515625
BUKIT BATOK,4 ROOM,7,2024,613733.375
BUKIT BATOK,4 ROOM,8,2024,615641.2578125
BUKIT BATOK,4 ROOM,9,2024,617550.0546875
BUKIT BATOK,4 ROOM,10,2024,619492.5234375
BUKIT BATOK,4 ROOM,11,2024,621383.5703125
BUKIT BATOK,4 ROOM,12,2024,623326.796875
BUKIT BATOK,5 ROOM,1,2024,728881.75
BUKIT BATOK,5 ROOM,2,2024,730755.5078125
BUKIT BATOK,5 ROOM,3,2024,732697.21875
BUKIT BATOK,5 ROOM,4,2024,734606.6171875
BUKIT BATOK,5 ROOM,5,2024,736531.0390625
BUKIT BATOK,5 ROOM,6,2024,738458.03125
BUKIT BATOK,5 ROOM,7,2024,740365.765625
BUKIT BATOK,5 ROOM,8,2024,742274.7109375
BUKIT BATOK,5 ROOM,9,2024,744233.8671875
BUKIT BATOK,5 ROOM,10,2024,746107.625
BUKIT BATOK,5 ROOM,11,2024,748067.84375
BUKIT BATOK,5 ROOM,12,2024,749992.5625
BUKIT BATOK,EXECUTIVE,1,2024,854587.6171875
BUKIT BATOK,EXECUTIVE,2,2024,856530.5390625
BUKIT BATOK,EXECUTIVE,3,2024,858438.421875
BUKIT BATOK,EXECUTIVE,4,2024,860347.5234375
BUKIT BATOK,EXECUTIVE,5,2024,862290.296875
BUKIT BATOK,EXECUTIVE,6,2024,864199.546875
BUKIT BATOK,EXECUTIVE,7,2024,866106.828125
BUKIT BATOK,EXECUTIVE,8,2024,868031.6953125
BUKIT BATOK,EXECUTIVE,9,2024,869974.9296875
BUKIT BATOK,EXECUTIVE,10,2024,871882.9609375
BUKIT BATOK,EXECUTIVE,11,2024,873843.03125
BUKIT BATOK,EXECUTIVE,12,2024,875716.9375
BUKIT BATOK,MULTI-GENERATION,1,2024,980362.8046875
BUKIT BATOK,MULTI-GENERATION,2,2024,982254.9140625
BUKIT BATOK,MULTI-GENERATION,3,2024,984162.6484375
BUKIT BATOK,MULTI-GENERATION,4,2024,986123.7734375
BUKIT BATOK,MULTI-GENERATION,5,2024,988031.3515625
BUKIT BATOK,MULTI-GENERATION,6,2024,989940
BUKIT BATOK,MULTI-GENERATION,7,2024,991864.4140625
BUKIT BATOK,MULTI-GENERATION,8,2024,993790.046875
BUKIT BATOK,MULTI-GENERATION,9,2024,995733.4296875
BUKIT BATOK,MULTI-GENERATION,10,2024,997623.5625
BUKIT BATOK,MULTI-GENERATION,11,2024,999567.25
BUKIT BATOK,MULTI-GENERATION,12,2024,1001457.9921875
BUKIT MERAH,1 ROOM,1,2024,223310.3203125
BUKIT MERAH,1 ROOM,2,2024,224800.4453125
BUKIT MERAH,1 ROOM,3,2024,227280.046875
BUKIT MERAH,1 ROOM,4,2024,229843.6796875
BUKIT MERAH,1 ROOM,5,2024,232373.3359375
BUKIT MERAH,1 ROOM,6,2024,234885.6953125
BUKIT MERAH,1 ROOM,7,2024,237400.1875
BUKIT MERAH,1 ROOM,8,2024,239895.859375
BUKIT MERAH,1 ROOM,9,2024,244206.375
BUKIT MERAH,1 ROOM,10,2024,248582.109375
BUKIT MERAH,1 ROOM,11,2024,252907.6328125
BUKIT MERAH,1 ROOM,12,2024,257248.640625
BUKIT MERAH,2 ROOM,1,2024,348214.0625
BUKIT MERAH,2 ROOM,2,2024,350122.40625
BUKIT MERAH,2 ROOM,3,2024,352065.4765625
BUKIT MERAH,2 ROOM,4,2024,353956.375
BUKIT MERAH,2 ROOM,5,2024,355864.40625
BUKIT MERAH,2 ROOM,6,2024,357791.109375
BUKIT MERAH,2 ROOM,7,2024,359714.765625
BUKIT MERAH,2 ROOM,8,2024,361640.8515625
BUKIT MERAH,2 ROOM,9,2024,363565.8828125
BUKIT MERAH,2 ROOM,10,2024,365475.4296875
BUKIT MERAH,2 ROOM,11,2024,367399.8515625
BUKIT MERAH,2 ROOM,12,2024,369342.625
BUKIT MERAH,3 ROOM,1,2024,473955.2734375
BUKIT MERAH,3 ROOM,2,2024,475863.609375
BUKIT MERAH,3 ROOM,3,2024,477789.703125
BUKIT MERAH,3 ROOM,4,2024,479697.734375
BUKIT MERAH,3 ROOM,5,2024,481639.6015625
BUKIT MERAH,3 ROOM,6,2024,483565.078125
BUKIT MERAH,3 ROOM,7,2024,485456.28125
BUKIT MERAH,3 ROOM,8,2024,487399.5078125
BUKIT MERAH,3 ROOM,9,2024,489324.078125
BUKIT MERAH,3 ROOM,10,2024,491233.171875
BUKIT MERAH,3 ROOM,11,2024,493158.8046875
BUKIT MERAH,3 ROOM,12,2024,495066.84375
BUKIT MERAH,4 ROOM,1,2024,599730.765625
BUKIT MERAH,4 ROOM,2,2024,601604.3671875
BUKIT MERAH,4 ROOM,3,2024,603512.5546875
BUKIT MERAH,4 ROOM,4,2024,605456.5390625
BUKIT MERAH,4 ROOM,5,2024,607380.5078125
BUKIT MERAH,4 ROOM,6,2024,609289.296875
BUKIT MERAH,4 ROOM,7,2024,611248.15625
BUKIT MERAH,4 ROOM,8,2024,613140.5625
BUKIT MERAH,4 ROOM,9,2024,615048.75
BUKIT MERAH,4 ROOM,10,2024,616956.3359375
BUKIT MERAH,4 ROOM,11,2024,618900.015625
BUKIT MERAH,4 ROOM,12,2024,620824.5859375
BUKIT MERAH,5 ROOM,1,2024,726345.8671875
BUKIT MERAH,5 ROOM,2,2024,728253.4453125
BUKIT MERAH,5 ROOM,3,2024,730197.4296875
BUKIT MERAH,5 ROOM,4,2024,732104.7109375
BUKIT MERAH,5 ROOM,5,2024,734013.65625
BUKIT MERAH,5 ROOM,6,2024,735956.125
BUKIT MERAH,5 ROOM,7,2024,737882.2109375
BUKIT MERAH,5 ROOM,8,2024,739806.9375
BUKIT MERAH,5 ROOM,9,2024,741715.7265625
BUKIT MERAH,5 ROOM,10,2024,743641.515625
BUKIT MERAH,5 ROOM,11,2024,745548.9453125
BUKIT MERAH,5 ROOM,12,2024,747458.0390625
BUKIT MERAH,EXECUTIVE,1,2024,852104.0625
BUKIT MERAH,EXECUTIVE,2,2024,853977.96875
BUKIT MERAH,EXECUTIVE,3,2024,855955.171875
BUKIT MERAH,EXECUTIVE,4,2024,857845.765625
BUKIT MERAH,EXECUTIVE,5,2024,859805.8359375
BUKIT MERAH,EXECUTIVE,6,2024,861714.328125
BUKIT MERAH,EXECUTIVE,7,2024,863622.8203125
BUKIT MERAH,EXECUTIVE,8,2024,865547.9921875
BUKIT MERAH,EXECUTIVE,9,2024,867456.1796875
BUKIT MERAH,EXECUTIVE,10,2024,869382.265625
BUKIT MERAH,EXECUTIVE,11,2024,871289.8515625
BUKIT MERAH,EXECUTIVE,12,2024,873250.515625
BUKIT MERAH,MULTI-GENERATION,1,2024,977844.8203125
BUKIT MERAH,MULTI-GENERATION,2,2024,979786.8359375
BUKIT MERAH,MULTI-GENERATION,3,2024,981696.3828125
BUKIT MERAH,MULTI-GENERATION,4,2024,983570.140625
BUKIT MERAH,MULTI-GENERATION,5,2024,985548.1015625
BUKIT MERAH,MULTI-GENERATION,6,2024,987471.765625
BUKIT MERAH,MULTI-GENERATION,7,2024,989396.7890625
BUKIT MERAH,MULTI-GENERATION,8,2024,991290.109375
BUKIT MERAH,MULTI-GENERATION,9,2024,993214.53125
BUKIT MERAH,MULTI-GENERATION,10,2024,995123.4765625
BUKIT MERAH,MULTI-GENERATION,11,2024,997065.1875
BUKIT MERAH,MULTI-GENERATION,12,2024,998991.4296875
BUKIT PANJANG,1 ROOM,1,2024,220147.6484375
BUKIT PANJANG,1 ROOM,2,2024,221567.546875
BUKIT PANJANG,1 ROOM,3,2024,224080.2109375
BUKIT PANJANG,1 ROOM,4,2024,226595
BUKIT PANJANG,1 ROOM,5,2024,229107.671875
BUKIT PANJANG,1 ROOM,6,2024,231655.828125
BUKIT PANJANG,1 ROOM,7,2024,234151.0546875
BUKIT PANJANG,1 ROOM,8,2024,236697.546875
BUKIT PANJANG,1 ROOM,9,2024,240044.6640625
BUKIT PANJANG,1 ROOM,10,2024,244402.046875
BUKIT PANJANG,1 ROOM,11,2024,248762.3125
BUKIT PANJANG,1 ROOM,12,2024,253103.3125
BUKIT PANJANG,2 ROOM,1,2024,345536.4921875
BUKIT PANJANG,2 ROOM,2,2024,347427.6953125
BUKIT PANJANG,2 ROOM,3,2024,349387
BUKIT PANJANG,2 ROOM,4,2024,351312.6328125
BUKIT PANJANG,2 ROOM,5,2024,353255.1015625
BUKIT PANJANG,2 ROOM,6,2024,355146.1484375
BUKIT PANJANG,2 ROOM,7,2024,357071.328125
BUKIT PANJANG,2 ROOM,8,2024,358980.2734375
BUKIT PANJANG,2 ROOM,9,2024,360905.1484375
BUKIT PANJANG,2 ROOM,10,2024,362831.9921875
BUKIT PANJANG,2 ROOM,11,2024,364756.109375
BUKIT PANJANG,2 ROOM,12,2024,366665.203125
BUKIT PANJANG,3 ROOM,1,2024,471294.84375
BUKIT PANJANG,3 ROOM,2,2024,473202.2734375
BUKIT PANJANG,3 ROOM,3,2024,475163.1015625
BUKIT PANJANG,3 ROOM,4,2024,477036.8515625
BUKIT PANJANG,3 ROOM,5,2024,478961.1171875
BUKIT PANJANG,3 ROOM,6,2024,480921.4921875
BUKIT PANJANG,3 ROOM,7,2024,482812.3828125
BUKIT PANJANG,3 ROOM,8,2024,484721.7890625
BUKIT PANJANG,3 ROOM,9,2024,486629.3671875
BUKIT PANJANG,3 ROOM,10,2024,488589.5859375
BUKIT PANJANG,3 ROOM,11,2024,490497.015625
BUKIT PANJANG,3 ROOM,12,2024,492387.7578125
BUKIT PANJANG,4 ROOM,1,2024,597069.2734375
BUKIT PANJANG,4 ROOM,2,2024,598977.3125
BUKIT PANJANG,4 ROOM,3,2024,600904.15625
BUKIT PANJANG,4 ROOM,4,2024,602795.046875
BUKIT PANJANG,4 ROOM,5,2024,604719.1640625
BUKIT PANJANG,4 ROOM,6,2024,606662.6953125
BUKIT PANJANG,4 ROOM,7,2024,608570.5859375
BUKIT PANJANG,4 ROOM,8,2024,610496.671875
BUKIT PANJANG,4 ROOM,9,2024,612404.703125
BUKIT PANJANG,4 ROOM,10,2024,614313.953125
BUKIT PANJANG,4 ROOM,11,2024,616221.3828125
BUKIT PANJANG,4 ROOM,12,2024,618163.8515625
BUKIT PANJANG,5 ROOM,1,2024,723684.5234375
BUKIT PANJANG,5 ROOM,2,2024,725628.5078125
BUKIT PANJANG,5 ROOM,3,2024,727536.09375
BUKIT PANJANG,5 ROOM,4,2024,729443.21875
BUKIT PANJANG,5 ROOM,5,2024,731403.5859375
BUKIT PANJANG,5 ROOM,6,2024,733277.796875
BUKIT PANJANG,5 ROOM,7,2024,735220.875
BUKIT PANJANG,5 ROOM,8,2024,737129.515625
BUKIT PANJANG,5 ROOM,9,2024,739038.4609375
BUKIT PANJANG,5 ROOM,10,2024,740962.4296875
BUKIT PANJANG,5 ROOM,11,2024,742888.2109375
BUKIT PANJANG,5 ROOM,12,2024,744847.96875
BUKIT PANJANG,EXECUTIVE,1,2024,849477.3125
BUKIT PANJANG,EXECUTIVE,2,2024,851369.71875
BUKIT PANJANG,EXECUTIVE,3,2024,853276.6953125
BUKIT PANJANG,EXECUTIVE,4,2024,855202.328125
BUKIT PANJANG,EXECUTIVE,5,2024,857144.796875
BUKIT PANJANG,EXECUTIVE,6,2024,859035.9921875
BUKIT PANJANG,EXECUTIVE,7,2024,860962.84375
BUKIT PANJANG,EXECUTIVE,8,2024,862870.578125
BUKIT PANJANG,EXECUTIVE,9,2024,864796.6640625
BUKIT PANJANG,EXECUTIVE,10,2024,866721.6875
BUKIT PANJANG,EXECUTIVE,11,2024,868679.9296875
BUKIT PANJANG,EXECUTIVE,12,2024,870605.8671875
BUKIT PANJANG,MULTI-GENERATION,1,2024,975201.5234375
BUKIT PANJANG,MULTI-GENERATION,2,2024,977108.5078125
BUKIT PANJANG,MULTI-GENERATION,3,2024,979069.328125
BUKIT PANJANG,MULTI-GENERATION,4,2024,980943.3828125
BUKIT PANJANG,MULTI-GENERATION,5,2024,982869.625
BUKIT PANJANG,MULTI-GENERATION,6,2024,984777.203125
BUKIT PANJANG,MULTI-GENERATION,7,2024,986720.5859375
BUKIT PANJANG,MULTI-GENERATION,8,2024,988611.78125
BUKIT PANJANG,MULTI-GENERATION,9,2024,990536.203125
BUKIT PANJANG,MULTI-GENERATION,10,2024,992496.421875
BUKIT PANJANG,MULTI-GENERATION,11,2024,994404
BUKIT PANJANG,MULTI-GENERATION,12,2024,996330.390625
BUKIT TIMAH,1 ROOM,1,2024,217566.109375
BUKIT TIMAH,1 ROOM,2,2024,218511.21875
BUKIT TIMAH,1 ROOM,3,2024,221042.390625
BUKIT TIMAH,1 ROOM,4,2024,223571.890625
BUKIT TIMAH,1 ROOM,5,2024,226086.2265625
BUKIT TIMAH,1 ROOM,6,2024,228616.640625
BUKIT TIMAH,1 ROOM,7,2024,231128.3984375
BUKIT TIMAH,1 ROOM,8,2024,233658.9609375
BUKIT TIMAH,1 ROOM,9,2024,236189.0703125
BUKIT TIMAH,1 ROOM,10,2024,240449.0703125
BUKIT TIMAH,1 ROOM,11,2024,244823.75
BUKIT TIMAH,1 ROOM,12,2024,249183.859375
BUKIT TIMAH,2 ROOM,1,2024,343051.2734375
BUKIT TIMAH,2 ROOM,2,2024,344977.6640625
BUKIT TIMAH,2 ROOM,3,2024,346902.3828125
BUKIT TIMAH,2 ROOM,4,2024,348794.4921875
BUKIT TIMAH,2 ROOM,5,2024,350736.359375
BUKIT TIMAH,2 ROOM,6,2024,352644.6953125
BUKIT TIMAH,2 ROOM,7,2024,354570.78125
BUKIT TIMAH,2 ROOM,8,2024,356478.8203125
BUKIT TIMAH,2 ROOM,9,2024,358387.765625
BUKIT TIMAH,2 ROOM,10,2024,360311.578125
BUKIT TIMAH,2 ROOM,11,2024,362289.546875
BUKIT TIMAH,2 ROOM,12,2024,364180.4375
BUKIT TIMAH,3 ROOM,1,2024,468826.609375
BUKIT TIMAH,3 ROOM,2,2024,470735.5625
BUKIT TIMAH,3 ROOM,3,2024,472626.7578125
BUKIT TIMAH,3 ROOM,4,2024,474553.296875
BUKIT TIMAH,3 ROOM,5,2024,476495.0078125
BUKIT TIMAH,3 ROOM,6,2024,478368.609375
BUKIT TIMAH,3 ROOM,7,2024,480346.125
BUKIT TIMAH,3 ROOM,8,2024,482236.5625
BUKIT TIMAH,3 ROOM,9,2024,484162.1953125
BUKIT TIMAH,3 ROOM,10,2024,486070.9921875
BUKIT TIMAH,3 ROOM,11,2024,488014.0703125
BUKIT TIMAH,3 ROOM,12,2024,489921.34375
BUKIT TIMAH,4 ROOM,1,2024,594550.6796875
BUKIT TIMAH,4 ROOM,2,2024,596476.9140625
BUKIT TIMAH,4 ROOM,3,2024,598401.9453125
BUKIT TIMAH,4 ROOM,4,2024,600275.8515625
BUKIT TIMAH,4 ROOM,5,2024,602202.546875
BUKIT TIMAH,4 ROOM,6,2024,604126.5078125
BUKIT TIMAH,4 ROOM,7,2024,606087.1796875
BUKIT TIMAH,4 ROOM,8,2024,607977.015625
BUKIT TIMAH,4 ROOM,9,2024,609902.9453125
BUKIT TIMAH,4 ROOM,10,2024,611812.1953125
BUKIT TIMAH,4 ROOM,11,2024,613736.921875
BUKIT TIMAH,4 ROOM,12,2024,615645.8671875
BUKIT TIMAH,5 ROOM,1,2024,721201.4296875
BUKIT TIMAH,5 ROOM,2,2024,723109.609375
BUKIT TIMAH,5 ROOM,3,2024,725034.7890625
BUKIT TIMAH,5 ROOM,4,2024,726959.96875
BUKIT TIMAH,5 ROOM,5,2024,728884.3828125
BUKIT TIMAH,5 ROOM,6,2024,730811.234375
BUKIT TIMAH,5 ROOM,7,2024,732685.2890625
BUKIT TIMAH,5 ROOM,8,2024,734611.2265625
BUKIT TIMAH,5 ROOM,9,2024,736570.8359375
BUKIT TIMAH,5 ROOM,10,2024,738480.0859375
BUKIT TIMAH,5 ROOM,11,2024,740403.8984375
BUKIT TIMAH,5 ROOM,12,2024,742328.921875
BUKIT TIMAH,EXECUTIVE,1,2024,846925.953125
BUKIT TIMAH,EXECUTIVE,2,2024,848883.7421875
BUKIT TIMAH,EXECUTIVE,3,2024,850757.796875
BUKIT TIMAH,EXECUTIVE,4,2024,852684.3359375
BUKIT TIMAH,EXECUTIVE,5,2024,854626.3515625
BUKIT TIMAH,EXECUTIVE,6,2024,856552.2890625
BUKIT TIMAH,EXECUTIVE,7,2024,858442.8828125
BUKIT TIMAH,EXECUTIVE,8,2024,860369.7265625
BUKIT TIMAH,EXECUTIVE,9,2024,862295.359375
BUKIT TIMAH,EXECUTIVE,10,2024,864219.171875
BUKIT TIMAH,EXECUTIVE,11,2024,866179.0859375
BUKIT TIMAH,EXECUTIVE,12,2024,868069.984375
BUKIT TIMAH,MULTI-GENERATION,1,2024,972717.9765625
BUKIT TIMAH,MULTI-GENERATION,2,2024,974624.796875
BUKIT TIMAH,MULTI-GENERATION,3,2024,976533.140625
BUKIT TIMAH,MULTI-GENERATION,4,2024,978476.671875
BUKIT TIMAH,MULTI-GENERATION,5,2024,980368.015625
BUKIT TIMAH,MULTI-GENERATION,6,2024,982276.8125
BUKIT TIMAH,MULTI-GENERATION,7,2024,984201.9921875
BUKIT TIMAH,MULTI-GENERATION,8,2024,986145.5234375
BUKIT TIMAH,MULTI-GENERATION,9,2024,988069.4921875
BUKIT TIMAH,MULTI-GENERATION,10,2024,989959.9296875
BUKIT TIMAH,MULTI-GENERATION,11,2024,991886.6171875
BUKIT TIMAH,MULTI-GENERATION,12,2024,993811.1875
CENTRAL AREA,1 ROOM,1,2024,215117.4453125
CENTRAL AREA,1 ROOM,2,2024,215792.6953125
CENTRAL AREA,1 ROOM,3,2024,218019.8828125
CENTRAL AREA,1 ROOM,4,2024,220534.21875
CENTRAL AREA,1 ROOM,5,2024,223063.875
CENTRAL AREA,1 ROOM,6,2024,225595.046875
CENTRAL AREA,1 ROOM,7,2024,228107.109375
CENTRAL AREA,1 ROOM,8,2024,230585.796875
CENTRAL AREA,1 ROOM,9,2024,233133.8046875
CENTRAL AREA,1 ROOM,10,2024,236561.7734375
CENTRAL AREA,1 ROOM,11,2024,240921.1328125
CENTRAL AREA,1 ROOM,12,2024,245228.15625
CENTRAL AREA,2 ROOM,1,2024,340567.109375
CENTRAL AREA,2 ROOM,2,2024,342475.296875
CENTRAL AREA,2 ROOM,3,2024,344367.7109375
CENTRAL AREA,2 ROOM,4,2024,346309.875
CENTRAL AREA,2 ROOM,5,2024,348253.109375
CENTRAL AREA,2 ROOM,6,2024,350143.8515625
CENTRAL AREA,2 ROOM,7,2024,352034.7421875
CENTRAL AREA,2 ROOM,8,2024,353961.140625
CENTRAL AREA,2 ROOM,9,2024,355919.53125
CENTRAL AREA,2 ROOM,10,2024,357828.4765625
CENTRAL AREA,2 ROOM,11,2024,359736.0625
CENTRAL AREA,2 ROOM,12,2024,361696.734375
CENTRAL AREA,3 ROOM,1,2024,466291.1796875
CENTRAL AREA,3 ROOM,2,2024,468216.5078125
CENTRAL AREA,3 ROOM,3,2024,470142.8984375
CENTRAL AREA,3 ROOM,4,2024,472050.78125
CENTRAL AREA,3 ROOM,5,2024,473959.2734375
CENTRAL AREA,3 ROOM,6,2024,475885.0625
CENTRAL AREA,3 ROOM,7,2024,477775.953125
CENTRAL AREA,3 ROOM,8,2024,479769.84375
CENTRAL AREA,3 ROOM,9,2024,481660.59375
CENTRAL AREA,3 ROOM,10,2024,483569.6875
CENTRAL AREA,3 ROOM,11,2024,485477.875
CENTRAL AREA,3 ROOM,12,2024,487420.046875
CENTRAL AREA,4 ROOM,1,2024,592067.125
CENTRAL AREA,4 ROOM,2,2024,593958.171875
CENTRAL AREA,4 ROOM,3,2024,595901.25
CENTRAL AREA,4 ROOM,4,2024,597809.59375
CENTRAL AREA,4 ROOM,5,2024,599717.171875
CENTRAL AREA,4 ROOM,6,2024,601609.578125
CENTRAL AREA,4 ROOM,7,2024,603584.8203125
CENTRAL AREA,4 ROOM,8,2024,605510.90625
CENTRAL AREA,4 ROOM,9,2024,607401.6484375
CENTRAL AREA,4 ROOM,10,2024,609328.34375
CENTRAL AREA,4 ROOM,11,2024,611235.921875
CENTRAL AREA,4 ROOM,12,2024,613178.2421875
CENTRAL AREA,5 ROOM,1,2024,718665.390625
CENTRAL AREA,5 ROOM,2,2024,720642.2890625
CENTRAL AREA,5 ROOM,3,2024,722533.9453125
CENTRAL AREA,5 ROOM,4,2024,724441.0703125
CENTRAL AREA,5 ROOM,5,2024,726366.859375
CENTRAL AREA,5 ROOM,6,2024,728309.328125
CENTRAL AREA,5 ROOM,7,2024,730235.71875
CENTRAL AREA,5 ROOM,8,2024,732126.765625
CENTRAL AREA,5 ROOM,9,2024,734053.609375
CENTRAL AREA,5 ROOM,10,2024,735977.421875
CENTRAL AREA,5 ROOM,11,2024,737902.140625
CENTRAL AREA,5 ROOM,12,2024,739811.2421875
CENTRAL AREA,EXECUTIVE,1,2024,844457.4140625
CENTRAL AREA,EXECUTIVE,2,2024,846383.3515625
CENTRAL AREA,EXECUTIVE,3,2024,848291.3828125
CENTRAL AREA,EXECUTIVE,4,2024,850198.8125
CENTRAL AREA,EXECUTIVE,5,2024,852108.0625
CENTRAL AREA,EXECUTIVE,6,2024,854050.8359375
CENTRAL AREA,EXECUTIVE,7,2024,855976.921875
CENTRAL AREA,EXECUTIVE,8,2024,857884.8125
CENTRAL AREA,EXECUTIVE,9,2024,859827.4296875
CENTRAL AREA,EXECUTIVE,10,2024,861718.78125
CENTRAL AREA,EXECUTIVE,11,2024,863643.65625
CENTRAL AREA,EXECUTIVE,12,2024,865603.875
CENTRAL AREA,MULTI-GENERATION,1,2024,970181.78125
CENTRAL AREA,MULTI-GENERATION,2,2024,972123.5
CENTRAL AREA,MULTI-GENERATION,3,2024,974032.2890625
CENTRAL AREA,MULTI-GENERATION,4,2024,975940.1796875
CENTRAL AREA,MULTI-GENERATION,5,2024,977867.171875
CENTRAL AREA,MULTI-GENERATION,6,2024,979809.1875
CENTRAL AREA,MULTI-GENERATION,7,2024,981718.4375
CENTRAL AREA,MULTI-GENERATION,8,2024,983642.703125
CENTRAL AREA,MULTI-GENERATION,9,2024,985533.4453125
CENTRAL AREA,MULTI-GENERATION,10,2024,987493.96875
CENTRAL AREA,MULTI-GENERATION,11,2024,989418.6875
CENTRAL AREA,MULTI-GENERATION,12,2024,991328.09375
CHOA CHU KANG,1 ROOM,1,2024,212703.3671875
CHOA CHU KANG,1 ROOM,2,2024,213308.234375
CHOA CHU KANG,1 ROOM,3,2024,215234.171875
CHOA CHU KANG,1 ROOM,4,2024,217494.7265625
CHOA CHU KANG,1 ROOM,5,2024,220041.828125
CHOA CHU KANG,1 ROOM,6,2024,222537.65625
CHOA CHU KANG,1 ROOM,7,2024,225084.609375
CHOA CHU KANG,1 ROOM,8,2024,227581.6484375
CHOA CHU KANG,1 ROOM,9,2024,230077.4765625
CHOA CHU KANG,1 ROOM,10,2024,232624.8828125
CHOA CHU KANG,1 ROOM,11,2024,236983.4765625
CHOA CHU KANG,1 ROOM,12,2024,241342.6796875
CHOA CHU KANG,2 ROOM,1,2024,338065.5078125
CHOA CHU KANG,2 ROOM,2,2024,339991.59375
CHOA CHU KANG,2 ROOM,3,2024,341899.78125
CHOA CHU KANG,2 ROOM,4,2024,343792.0390625
CHOA CHU KANG,2 ROOM,5,2024,345716.9140625
CHOA CHU KANG,2 ROOM,6,2024,347659.234375
CHOA CHU KANG,2 ROOM,7,2024,349568.484375
CHOA CHU KANG,2 ROOM,8,2024,351475.4609375
CHOA CHU KANG,2 ROOM,9,2024,353419.140625
CHOA CHU KANG,2 ROOM,10,2024,355309.734375
CHOA CHU KANG,2 ROOM,11,2024,357287.09375
CHOA CHU KANG,2 ROOM,12,2024,359178.4453125
CHOA CHU KANG,3 ROOM,1,2024,463806.71875
CHOA CHU KANG,3 ROOM,2,2024,465733.4140625
CHOA CHU KANG,3 ROOM,3,2024,467624.15625
CHOA CHU KANG,3 ROOM,4,2024,469550.0859375
CHOA CHU KANG,3 ROOM,5,2024,471491.953125
CHOA CHU KANG,3 ROOM,6,2024,473383.90625
CHOA CHU KANG,3 ROOM,7,2024,475308.9296875
CHOA CHU KANG,3 ROOM,8,2024,477216.6640625
CHOA CHU KANG,3 ROOM,9,2024,479176.890625
CHOA CHU KANG,3 ROOM,10,2024,481102.0625
CHOA CHU KANG,3 ROOM,11,2024,482994.171875
CHOA CHU KANG,3 ROOM,12,2024,484936.4921875
CHOA CHU KANG,4 ROOM,1,2024,589547.7734375
CHOA CHU KANG,4 ROOM,2,2024,591474.6171875
CHOA CHU KANG,4 ROOM,3,2024,593365.3671875
CHOA CHU KANG,4 ROOM,4,2024,595273.25
CHOA CHU KANG,4 ROOM,5,2024,597217.0859375
CHOA CHU KANG,4 ROOM,6,2024,599157.8828125
CHOA CHU KANG,4 ROOM,7,2024,601066.828125
CHOA CHU KANG,4 ROOM,8,2024,602975.015625
CHOA CHU KANG,4 ROOM,9,2024,604918.25
CHOA CHU KANG,4 ROOM,10,2024,606843.2734375
CHOA CHU KANG,4 ROOM,11,2024,608751.4609375
CHOA CHU KANG,4 ROOM,12,2024,610677.3984375
CHOA CHU KANG,5 ROOM,1,2024,716215.6640625
CHOA CHU KANG,5 ROOM,2,2024,718089.109375
CHOA CHU KANG,5 ROOM,3,2024,720032.4921875
CHOA CHU KANG,5 ROOM,4,2024,721941.4375
CHOA CHU KANG,5 ROOM,5,2024,723882.2421875
CHOA CHU KANG,5 ROOM,6,2024,725791.796875
CHOA CHU KANG,5 ROOM,7,2024,727733.9609375
CHOA CHU KANG,5 ROOM,8,2024,729643.2109375
CHOA CHU KANG,5 ROOM,9,2024,731584.1640625
CHOA CHU KANG,5 ROOM,10,2024,733477.328125
CHOA CHU KANG,5 ROOM,11,2024,735418.890625
CHOA CHU KANG,5 ROOM,12,2024,737309.484375
CHOA CHU KANG,EXECUTIVE,1,2024,841939.8828125
CHOA CHU KANG,EXECUTIVE,2,2024,843830.4765625
CHOA CHU KANG,EXECUTIVE,3,2024,845772.9453125
CHOA CHU KANG,EXECUTIVE,4,2024,847698.8828125
CHOA CHU KANG,EXECUTIVE,5,2024,849640.4375
CHOA CHU KANG,EXECUTIVE,6,2024,851550.4453125
CHOA CHU KANG,EXECUTIVE,7,2024,853475.171875
CHOA CHU KANG,EXECUTIVE,8,2024,855383.359375
CHOA CHU KANG,EXECUTIVE,9,2024,857308.6875
CHOA CHU KANG,EXECUTIVE,10,2024,859216.875
CHOA CHU KANG,EXECUTIVE,11,2024,861160.1015625
CHOA CHU KANG,EXECUTIVE,12,2024,863033.703125
CHOA CHU KANG,MULTI-GENERATION,1,2024,967697.46875
CHOA CHU KANG,MULTI-GENERATION,2,2024,969605.8125
CHOA CHU KANG,MULTI-GENERATION,3,2024,971530.9921875
CHOA CHU KANG,MULTI-GENERATION,4,2024,973456.9296875
CHOA CHU KANG,MULTI-GENERATION,5,2024,975364.65625
CHOA CHU KANG,MULTI-GENERATION,6,2024,977308.34375
CHOA CHU KANG,MULTI-GENERATION,7,2024,979232.3046875
CHOA CHU KANG,MULTI-GENERATION,8,2024,981159.1484375
CHOA CHU KANG,MULTI-GENERATION,9,2024,983067.3359375
CHOA CHU KANG,MULTI-GENERATION,10,2024,984941.09375
CHOA CHU KANG,MULTI-GENERATION,11,2024,986884.171875
CHOA CHU KANG,MULTI-GENERATION,12,2024,988825.421875
CLEMENTI,1 ROOM,1,2024,210237.859375
CLEMENTI,1 ROOM,2,2024,210824.078125
CLEMENTI,1 ROOM,3,2024,212731.8046875
CLEMENTI,1 ROOM,4,2024,214657.890625
CLEMENTI,1 ROOM,5,2024,216985.953125
CLEMENTI,1 ROOM,6,2024,219516.5234375
CLEMENTI,1 ROOM,7,2024,222011.8984375
CLEMENTI,1 ROOM,8,2024,224542.15625
CLEMENTI,1 ROOM,9,2024,227056.4921875
CLEMENTI,1 ROOM,10,2024,229569.0078125
CLEMENTI,1 ROOM,11,2024,233063.71875
CLEMENTI,1 ROOM,12,2024,237404.71875
CLEMENTI,2 ROOM,1,2024,335548.28125
CLEMENTI,2 ROOM,2,2024,337455.859375
CLEMENTI,2 ROOM,3,2024,339381.6484375
CLEMENTI,2 ROOM,4,2024,341307.2734375
CLEMENTI,2 ROOM,5,2024,343250.046875
CLEMENTI,2 ROOM,6,2024,345124.40625
CLEMENTI,2 ROOM,7,2024,347065.8203125
CLEMENTI,2 ROOM,8,2024,348974.9140625
CLEMENTI,2 ROOM,9,2024,350917.078125
CLEMENTI,2 ROOM,10,2024,352843.7734375
CLEMENTI,2 ROOM,11,2024,354768.046875
CLEMENTI,2 ROOM,12,2024,356676.9921875
CLEMENTI,3 ROOM,1,2024,461322.859375
CLEMENTI,3 ROOM,2,2024,463196.921875
CLEMENTI,3 ROOM,3,2024,465157.890625
CLEMENTI,3 ROOM,4,2024,467031.6484375
CLEMENTI,3 ROOM,5,2024,468955.9140625
CLEMENTI,3 ROOM,6,2024,470915.984375
CLEMENTI,3 ROOM,7,2024,472807.03125
CLEMENTI,3 ROOM,8,2024,474716.4296875
CLEMENTI,3 ROOM,9,2024,476641.3046875
CLEMENTI,3 ROOM,10,2024,478601.3671875
CLEMENTI,3 ROOM,11,2024,480509.1015625
CLEMENTI,3 ROOM,12,2024,482399.84375
CLEMENTI,4 ROOM,1,2024,587064.0703125
CLEMENTI,4 ROOM,2,2024,588972.2578125
CLEMENTI,4 ROOM,3,2024,590898.796875
CLEMENTI,4 ROOM,4,2024,592789.84375
CLEMENTI,4 ROOM,5,2024,594713.8125
CLEMENTI,4 ROOM,6,2024,596657.34375
CLEMENTI,4 ROOM,7,2024,598565.2265625
CLEMENTI,4 ROOM,8,2024,600508.609375
CLEMENTI,4 ROOM,9,2024,602416.640625
CLEMENTI,4 ROOM,10,2024,604325.5859375
CLEMENTI,4 ROOM,11,2024,606233.3203125
CLEMENTI,4 ROOM,12,2024,608175.7890625
CLEMENTI,5 ROOM,1,2024,713679.171875
CLEMENTI,5 ROOM,2,2024,715623
CLEMENTI,5 ROOM,3,2024,717530.5859375
CLEMENTI,5 ROOM,4,2024,719421.6328125
CLEMENTI,5 ROOM,5,2024,721399.296875
CLEMENTI,5 ROOM,6,2024,723289.734375
CLEMENTI,5 ROOM,7,2024,725232.8125
CLEMENTI,5 ROOM,8,2024,727157.8359375
CLEMENTI,5 ROOM,9,2024,729066.78125
CLEMENTI,5 ROOM,10,2024,730974.3671875
CLEMENTI,5 ROOM,11,2024,732882.703125
CLEMENTI,5 ROOM,12,2024,734826.3828125
CLEMENTI,EXECUTIVE,1,2024,839471.796875
CLEMENTI,EXECUTIVE,2,2024,841364.2109375
CLEMENTI,EXECUTIVE,3,2024,843254.953125
CLEMENTI,EXECUTIVE,4,2024,845197.4296875
CLEMENTI,EXECUTIVE,5,2024,847156.8828125
CLEMENTI,EXECUTIVE,6,2024,849047.78125
CLEMENTI,EXECUTIVE,7,2024,850991.15625
CLEMENTI,EXECUTIVE,8,2024,852898.890625
CLEMENTI,EXECUTIVE,9,2024,854824.984375
CLEMENTI,EXECUTIVE,10,2024,856716.328125
CLEMENTI,EXECUTIVE,11,2024,858658.046875
CLEMENTI,EXECUTIVE,12,2024,860584.1328125
CLEMENTI,MULTI-GENERATION,1,2024,965196.171875
CLEMENTI,MULTI-GENERATION,2,2024,967086.765625
CLEMENTI,MULTI-GENERATION,3,2024,969064.734375
CLEMENTI,MULTI-GENERATION,4,2024,970955.3203125
CLEMENTI,MULTI-GENERATION,5,2024,972881.7109375
CLEMENTI,MULTI-GENERATION,6,2024,974805.375
CLEMENTI,MULTI-GENERATION,7,2024,976749.0546875
CLEMENTI,MULTI-GENERATION,8,2024,978639.796875
CLEMENTI,MULTI-GENERATION,9,2024,980530.84375
CLEMENTI,MULTI-GENERATION,10,2024,982474.8359375
CLEMENTI,MULTI-GENERATION,11,2024,984382.265625
CLEMENTI,MULTI-GENERATION,12,2024,986308.3515625
GEYLANG,1 ROOM,1,2024,207807.2421875
GEYLANG,1 ROOM,2,2024,208305.0234375
GEYLANG,1 ROOM,3,2024,210247.953125
GEYLANG,1 ROOM,4,2024,212172.515625
GEYLANG,1 ROOM,5,2024,214064.78125
GEYLANG,1 ROOM,6,2024,216477.6328125
GEYLANG,1 ROOM,7,2024,218972.859375
GEYLANG,1 ROOM,8,2024,221486.4296875
GEYLANG,1 ROOM,9,2024,224033.6875
GEYLANG,1 ROOM,10,2024,226513.890625
GEYLANG,1 ROOM,11,2024,229142.453125
GEYLANG,1 ROOM,12,2024,233502.2578125
GEYLANG,2 ROOM,1,2024,333046.0703125
GEYLANG,2 ROOM,2,2024,334955.921875
GEYLANG,2 ROOM,3,2024,336897.03125
GEYLANG,2 ROOM,4,2024,338789.1328125
GEYLANG,2 ROOM,5,2024,340731.1484375
GEYLANG,2 ROOM,6,2024,342655.421875
GEYLANG,2 ROOM,7,2024,344581.9609375
GEYLANG,2 ROOM,8,2024,346490.6015625
GEYLANG,2 ROOM,9,2024,348399.703125
GEYLANG,2 ROOM,10,2024,350306.9765625
GEYLANG,2 ROOM,11,2024,352284.9453125
GEYLANG,2 ROOM,12,2024,354192.0703125
GEYLANG,3 ROOM,1,2024,458804.71875
GEYLANG,3 ROOM,2,2024,460730.5078125
GEYLANG,3 ROOM,3,2024,462621.25
GEYLANG,3 ROOM,4,2024,464547.9375
GEYLANG,3 ROOM,5,2024,466506.1875
GEYLANG,3 ROOM,6,2024,468379.7890625
GEYLANG,3 ROOM,7,2024,470357.6015625
GEYLANG,3 ROOM,8,2024,472248.5
GEYLANG,3 ROOM,9,2024,474157.6015625
GEYLANG,3 ROOM,10,2024,476066.5390625
GEYLANG,3 ROOM,11,2024,478026
GEYLANG,3 ROOM,12,2024,479933.4296875
GEYLANG,4 ROOM,1,2024,584545.4765625
GEYLANG,4 ROOM,2,2024,586471.5625
GEYLANG,4 ROOM,3,2024,588396.7421875
GEYLANG,4 ROOM,4,2024,590286.875
GEYLANG,4 ROOM,5,2024,592213.5703125
GEYLANG,4 ROOM,6,2024,594138.140625
GEYLANG,4 ROOM,7,2024,596098.96875
GEYLANG,4 ROOM,8,2024,597972.71875
GEYLANG,4 ROOM,9,2024,599898.5
GEYLANG,4 ROOM,10,2024,601824.1328125
GEYLANG,4 ROOM,11,2024,603748.703125
GEYLANG,4 ROOM,12,2024,605674.03125
GEYLANG,5 ROOM,1,2024,711212.6015625
GEYLANG,5 ROOM,2,2024,713104.2578125
GEYLANG,5 ROOM,3,2024,715030.5
GEYLANG,5 ROOM,4,2024,716955.5234375
GEYLANG,5 ROOM,5,2024,718879.9453125
GEYLANG,5 ROOM,6,2024,720806.640625
GEYLANG,5 ROOM,7,2024,722713.3046875
GEYLANG,5 ROOM,8,2024,724639.2421875
GEYLANG,5 ROOM,9,2024,726582.1640625
GEYLANG,5 ROOM,10,2024,728491.265625
GEYLANG,5 ROOM,11,2024,730398.5390625
GEYLANG,5 ROOM,12,2024,732307.3359375
GEYLANG,EXECUTIVE,1,2024,836936.671875
GEYLANG,EXECUTIVE,2,2024,838879.296875
GEYLANG,EXECUTIVE,3,2024,840753.203125
GEYLANG,EXECUTIVE,4,2024,842679.7421875
GEYLANG,EXECUTIVE,5,2024,844621.7578125
GEYLANG,EXECUTIVE,6,2024,846580.609375
GEYLANG,EXECUTIVE,7,2024,848471.203125
GEYLANG,EXECUTIVE,8,2024,850397.8984375
GEYLANG,EXECUTIVE,9,2024,852306.390625
GEYLANG,EXECUTIVE,10,2024,854214.1171875
GEYLANG,EXECUTIVE,11,2024,856157.3515625
GEYLANG,EXECUTIVE,12,2024,858047.9375
GEYLANG,MULTI-GENERATION,1,2024,962729.4609375
GEYLANG,MULTI-GENERATION,2,2024,964620.5078125
GEYLANG,MULTI-GENERATION,3,2024,966528.6953125
GEYLANG,MULTI-GENERATION,4,2024,968472.2265625
GEYLANG,MULTI-GENERATION,5,2024,970396.0390625
GEYLANG,MULTI-GENERATION,6,2024,972304.828125
GEYLANG,MULTI-GENERATION,7,2024,974230.15625
GEYLANG,MULTI-GENERATION,8,2024,976156.3984375
GEYLANG,MULTI-GENERATION,9,2024,978064.1328125
GEYLANG,MULTI-GENERATION,10,2024,979938.1875
GEYLANG,MULTI-GENERATION,11,2024,981864.8828125
GEYLANG,MULTI-GENERATION,12,2024,983789.1484375
HOUGANG,1 ROOM,1,2024,205358.734375
HOUGANG,1 ROOM,2,2024,205820.7109375
HOUGANG,1 ROOM,3,2024,207746.0390625
HOUGANG,1 ROOM,4,2024,209655.4453125
HOUGANG,1 ROOM,5,2024,211580.1640625
HOUGANG,1 ROOM,6,2024,213506.859375
HOUGANG,1 ROOM,7,2024,215935.1875
HOUGANG,1 ROOM,8,2024,218430.2578125
HOUGANG,1 ROOM,9,2024,220995.2578125
HOUGANG,1 ROOM,10,2024,223542.0546875
HOUGANG,1 ROOM,11,2024,226072.6171875
HOUGANG,1 ROOM,12,2024,229546.703125
HOUGANG,2 ROOM,1,2024,330545.375
HOUGANG,2 ROOM,2,2024,332453.7109375
HOUGANG,2 ROOM,3,2024,334345.96875
HOUGANG,2 ROOM,4,2024,336304.5234375
HOUGANG,2 ROOM,5,2024,338264.4375
HOUGANG,2 ROOM,6,2024,340172.3203125
HOUGANG,2 ROOM,7,2024,342062.7578125
HOUGANG,2 ROOM,8,2024,343989.1484375
HOUGANG,2 ROOM,9,2024,345915.0859375
HOUGANG,2 ROOM,10,2024,347824.1875
HOUGANG,2 ROOM,11,2024,349731.4609375
HOUGANG,2 ROOM,12,2024,351708.515625
HOUGANG,3 ROOM,1,2024,456269.59375
HOUGANG,3 ROOM,2,2024,458194.921875
HOUGANG,3 ROOM,3,2024,460137.6953125
HOUGANG,3 ROOM,4,2024,462061.9609375
HOUGANG,3 ROOM,5,2024,463987.59375
HOUGANG,3 ROOM,6,2024,465913.3828125
HOUGANG,3 ROOM,7,2024,467803.96875
HOUGANG,3 ROOM,8,2024,469765.25
HOUGANG,3 ROOM,9,2024,471655.84375
HOUGANG,3 ROOM,10,2024,473565.2421875
HOUGANG,3 ROOM,11,2024,475473.4296875
HOUGANG,3 ROOM,12,2024,477431.0703125
HOUGANG,4 ROOM,1,2024,582045.234375
HOUGANG,4 ROOM,2,2024,583952.8125
HOUGANG,4 ROOM,3,2024,585912.4296875
HOUGANG,4 ROOM,4,2024,587820.6171875
HOUGANG,4 ROOM,5,2024,589745.3359375
HOUGANG,4 ROOM,6,2024,591637.8984375
HOUGANG,4 ROOM,7,2024,593580.5234375
HOUGANG,4 ROOM,8,2024,595506.609375
HOUGANG,4 ROOM,9,2024,597397.046875
HOUGANG,4 ROOM,10,2024,599323.59375
HOUGANG,4 ROOM,11,2024,601230.5703125
HOUGANG,4 ROOM,12,2024,603189.421875
HOUGANG,5 ROOM,1,2024,708693.703125
HOUGANG,5 ROOM,2,2024,710654.234375
HOUGANG,5 ROOM,3,2024,712545.8828125
HOUGANG,5 ROOM,4,2024,714436.625
HOUGANG,5 ROOM,5,2024,716362.2578125
HOUGANG,5 ROOM,6,2024,718320.9609375
HOUGANG,5 ROOM,7,2024,720247.1953125
HOUGANG,5 ROOM,8,2024,722137.9375
HOUGANG,5 ROOM,9,2024,724064.328125
HOUGANG,5 ROOM,10,2024,725972.0625
HOUGANG,5 ROOM,11,2024,727896.6328125
HOUGANG,5 ROOM,12,2024,729806.1875
HOUGANG,EXECUTIVE,1,2024,834469.5
HOUGANG,EXECUTIVE,2,2024,836395.4375
HOUGANG,EXECUTIVE,3,2024,838286.9375
HOUGANG,EXECUTIVE,4,2024,840194.21875
HOUGANG,EXECUTIVE,5,2024,842119.6953125
HOUGANG,EXECUTIVE,6,2024,844062.625
HOUGANG,EXECUTIVE,7,2024,845987.953125
HOUGANG,EXECUTIVE,8,2024,847895.6875
HOUGANG,EXECUTIVE,9,2024,849822.375
HOUGANG,EXECUTIVE,10,2024,851713.578125
HOUGANG,EXECUTIVE,11,2024,853638.296875
HOUGANG,EXECUTIVE,12,2024,855581.984375
HOUGANG,MULTI-GENERATION,1,2024,960193.4140625
HOUGANG,MULTI-GENERATION,2,2024,962119.0546875
HOUGANG,MULTI-GENERATION,3,2024,964027.84375
HOUGANG,MULTI-GENERATION,4,2024,965951.9609375
HOUGANG,MULTI-GENERATION,5,2024,967878.8046875
HOUGANG,MULTI-GENERATION,6,2024,969820.21875
HOUGANG,MULTI-GENERATION,7,2024,971729.15625
HOUGANG,MULTI-GENERATION,8,2024,973637.5
HOUGANG,MULTI-GENERATION,9,2024,975528.2421875
HOUGANG,MULTI-GENERATION,10,2024,977488.609375
HOUGANG,MULTI-GENERATION,11,2024,979397.1015625
HOUGANG,MULTI-GENERATION,12,2024,981322.5859375
JURONG EAST,1 ROOM,1,2024,202767.171875
JURONG EAST,1 ROOM,2,2024,203160.5859375
JURONG EAST,1 ROOM,3,2024,205068.46875
JURONG EAST,1 ROOM,4,2024,206977.5703125
JURONG EAST,1 ROOM,5,2024,208919.28125
JURONG EAST,1 ROOM,6,2024,210861.75
JURONG EAST,1 ROOM,7,2024,212752.34375
JURONG EAST,1 ROOM,8,2024,215232.703125
JURONG EAST,1 ROOM,9,2024,217763.265625
JURONG EAST,1 ROOM,10,2024,220258.7890625
JURONG EAST,1 ROOM,11,2024,222806.8046875
JURONG EAST,1 ROOM,12,2024,225385
JURONG EAST,2 ROOM,1,2024,327917.859375
JURONG EAST,2 ROOM,2,2024,329843.0390625
JURONG EAST,2 ROOM,3,2024,331751.984375
JURONG EAST,2 ROOM,4,2024,333643.6328125
JURONG EAST,2 ROOM,5,2024,335569.5703125
JURONG EAST,2 ROOM,6,2024,337494.1484375
JURONG EAST,2 ROOM,7,2024,339421.296875
JURONG EAST,2 ROOM,8,2024,341328.875
JURONG EAST,2 ROOM,9,2024,343219.3125
JURONG EAST,2 ROOM,10,2024,345180.140625
JURONG EAST,2 ROOM,11,2024,347104.1015625
JURONG EAST,2 ROOM,12,2024,349047.484375
JURONG EAST,3 ROOM,1,2024,453642.078125
JURONG EAST,3 ROOM,2,2024,455567.40625
JURONG EAST,3 ROOM,3,2024,457510.7890625
JURONG EAST,3 ROOM,4,2024,459401.53125
JURONG EAST,3 ROOM,5,2024,461310.78125
JURONG EAST,3 ROOM,6,2024,463236.265625
JURONG EAST,3 ROOM,7,2024,465160.984375
JURONG EAST,3 ROOM,8,2024,467086.3125
JURONG EAST,3 ROOM,9,2024,469011.9453125
JURONG EAST,3 ROOM,10,2024,470954.5703125
JURONG EAST,3 ROOM,11,2024,472845.921875
JURONG EAST,3 ROOM,12,2024,474789.6015625
JURONG EAST,4 ROOM,1,2024,579417.421875
JURONG EAST,4 ROOM,2,2024,581326.0625
JURONG EAST,4 ROOM,3,2024,583235.0078125
JURONG EAST,4 ROOM,4,2024,585126.0546875
JURONG EAST,4 ROOM,5,2024,587033.3359375
JURONG EAST,4 ROOM,6,2024,589011.296875
JURONG EAST,4 ROOM,7,2024,590901.890625
JURONG EAST,4 ROOM,8,2024,592827.9765625
JURONG EAST,4 ROOM,9,2024,594769.5390625
JURONG EAST,4 ROOM,10,2024,596695.625
JURONG EAST,4 ROOM,11,2024,598603.96875
JURONG EAST,4 ROOM,12,2024,600530.65625
JURONG EAST,5 ROOM,1,2024,706016.1328125
JURONG EAST,5 ROOM,2,2024,707976.046875
JURONG EAST,5 ROOM,3,2024,709866.640625
JURONG EAST,5 ROOM,4,2024,711793.1875
JURONG EAST,5 ROOM,5,2024,713752.34375
JURONG EAST,5 ROOM,6,2024,715659.921875
JURONG EAST,5 ROOM,7,2024,717569.0234375
JURONG EAST,5 ROOM,8,2024,719511.1875
JURONG EAST,5 ROOM,9,2024,721386.7578125
JURONG EAST,5 ROOM,10,2024,723328.171875
JURONG EAST,5 ROOM,11,2024,725271.546875
JURONG EAST,5 ROOM,12,2024,727178.9765625
JURONG EAST,EXECUTIVE,1,2024,831791.328125
JURONG EAST,EXECUTIVE,2,2024,833717.4140625
JURONG EAST,EXECUTIVE,3,2024,835590.859375
JURONG EAST,EXECUTIVE,4,2024,837567.0078125
JURONG EAST,EXECUTIVE,5,2024,839493.703125
JURONG EAST,EXECUTIVE,6,2024,841401.28125
JURONG EAST,EXECUTIVE,7,2024,843310.9921875
JURONG EAST,EXECUTIVE,8,2024,845235.7109375
JURONG EAST,EXECUTIVE,9,2024,847161.0390625
JURONG EAST,EXECUTIVE,10,2024,849103.5078125
JURONG EAST,EXECUTIVE,11,2024,850977.71875
JURONG EAST,EXECUTIVE,12,2024,852920.640625
JURONG EAST,MULTI-GENERATION,1,2024,957548.9140625
JURONG EAST,MULTI-GENERATION,2,2024,959441.6328125
JURONG EAST,MULTI-GENERATION,3,2024,961366.9609375
JURONG EAST,MULTI-GENERATION,4,2024,963325.5078125
JURONG EAST,MULTI-GENERATION,5,2024,965217.6171875
JURONG EAST,MULTI-GENERATION,6,2024,967159.7890625
JURONG EAST,MULTI-GENERATION,7,2024,969052.1953125
JURONG EAST,MULTI-GENERATION,8,2024,970993.15625
JURONG EAST,MULTI-GENERATION,9,2024,972902.5546875
JURONG EAST,MULTI-GENERATION,10,2024,974827.8828125
JURONG EAST,MULTI-GENERATION,11,2024,976718.625
JURONG EAST,MULTI-GENERATION,12,2024,978661.8515625
JURONG WEST,1 ROOM,1,2024,200354
JURONG WEST,1 ROOM,2,2024,200658.6796875
JURONG WEST,1 ROOM,3,2024,202567.9296875
JURONG WEST,1 ROOM,4,2024,204458.671875
JURONG WEST,1 ROOM,5,2024,206435.2734375
JURONG WEST,1 ROOM,6,2024,208360.1484375
JURONG WEST,1 ROOM,7,2024,210286.234375
JURONG WEST,1 ROOM,8,2024,212176.828125
JURONG WEST,1 ROOM,9,2024,214723.7734375
JURONG WEST,1 ROOM,10,2024,217238.109375
JURONG WEST,1 ROOM,11,2024,219750.46875
JURONG WEST,1 ROOM,12,2024,222298.9375
JURONG WEST,2 ROOM,1,2024,325383.03125
JURONG WEST,2 ROOM,2,2024,327309.125
JURONG WEST,2 ROOM,3,2024,329233.234375
JURONG WEST,2 ROOM,4,2024,331159.171875
JURONG WEST,2 ROOM,5,2024,333067.8203125
JURONG WEST,2 ROOM,6,2024,334993.90625
JURONG WEST,2 ROOM,7,2024,336901.7890625
JURONG WEST,2 ROOM,8,2024,338843.3515625
JURONG WEST,2 ROOM,9,2024,340752.4453125
JURONG WEST,2 ROOM,10,2024,342677.625
JURONG WEST,2 ROOM,11,2024,344604.3203125
JURONG WEST,2 ROOM,12,2024,346528.734375
JURONG WEST,3 ROOM,1,2024,451124.2421875
JURONG WEST,3 ROOM,2,2024,453066.71875
JURONG WEST,3 ROOM,3,2024,454957.609375
JURONG WEST,3 ROOM,4,2024,456918.4375
JURONG WEST,3 ROOM,5,2024,458825.7109375
JURONG WEST,3 ROOM,6,2024,460733.296875
JURONG WEST,3 ROOM,7,2024,462660.140625
JURONG WEST,3 ROOM,8,2024,464584.7109375
JURONG WEST,3 ROOM,9,2024,466510.9453125
JURONG WEST,3 ROOM,10,2024,468436.4296875
JURONG WEST,3 ROOM,11,2024,470362.0625
JURONG WEST,3 ROOM,12,2024,472269.9453125
JURONG WEST,4 ROOM,1,2024,576898.671875
JURONG WEST,4 ROOM,2,2024,578807.46875
JURONG WEST,4 ROOM,3,2024,580750.390625
JURONG WEST,4 ROOM,4,2024,582659.34375
JURONG WEST,4 ROOM,5,2024,584533.3984375
JURONG WEST,4 ROOM,6,2024,586491.4921875
JURONG WEST,4 ROOM,7,2024,588434.8671875
JURONG WEST,4 ROOM,8,2024,590343.359375
JURONG WEST,4 ROOM,9,2024,592235.3203125
JURONG WEST,4 ROOM,10,2024,594177.03125
JURONG WEST,4 ROOM,11,2024,596102.96875
JURONG WEST,4 ROOM,12,2024,598027.5390625
JURONG WEST,5 ROOM,1,2024,703548.8125
JURONG WEST,5 ROOM,2,2024,705474.140625
JURONG WEST,5 ROOM,3,2024,707383.546875
JURONG WEST,5 ROOM,4,2024,709291.4296875
JURONG WEST,5 ROOM,5,2024,711233.8984375
JURONG WEST,5 ROOM,6,2024,713159.53125
JURONG WEST,5 ROOM,7,2024,715050.2734375
JURONG WEST,5 ROOM,8,2024,716976.515625
JURONG WEST,5 ROOM,9,2024,718935.2109375
JURONG WEST,5 ROOM,10,2024,720844.1640625
JURONG WEST,5 ROOM,11,2024,722734.90625
JURONG WEST,5 ROOM,12,2024,724643.09375
JURONG WEST,EXECUTIVE,1,2024,829273.1875
JURONG WEST,EXECUTIVE,2,2024,831215.9609375
JURONG WEST,EXECUTIVE,3,2024,833142.046875
JURONG WEST,EXECUTIVE,4,2024,835049.4765625
JURONG WEST,EXECUTIVE,5,2024,836974.8046875
JURONG WEST,EXECUTIVE,6,2024,838917.4296875
JURONG WEST,EXECUTIVE,7,2024,840808.625
JURONG WEST,EXECUTIVE,8,2024,842768.5390625
JURONG WEST,EXECUTIVE,9,2024,844659.4375
JURONG WEST,EXECUTIVE,10,2024,846585.3671875
JURONG WEST,EXECUTIVE,11,2024,848510.3984375
JURONG WEST,EXECUTIVE,12,2024,850402.046875
JURONG WEST,MULTI-GENERATION,1,2024,955048.6796875
JURONG WEST,MULTI-GENERATION,2,2024,956990.84375
JURONG WEST,MULTI-GENERATION,3,2024,958848.0625
JURONG WEST,MULTI-GENERATION,4,2024,960791.2890625
JURONG WEST,MULTI-GENERATION,5,2024,962715.859375
JURONG WEST,MULTI-GENERATION,6,2024,964658.6328125
JURONG WEST,MULTI-GENERATION,7,2024,966583.5078125
JURONG WEST,MULTI-GENERATION,8,2024,968492.90625
JURONG WEST,MULTI-GENERATION,9,2024,970400.6484375
JURONG WEST,MULTI-GENERATION,10,2024,972325.8203125
JURONG WEST,MULTI-GENERATION,11,2024,974235.375
JURONG WEST,MULTI-GENERATION,12,2024,976159.7890625
KALLANG/WHAMPOA,1 ROOM,1,2024,197870.90625
KALLANG/WHAMPOA,1 ROOM,2,2024,198227.9140625
KALLANG/WHAMPOA,1 ROOM,3,2024,200100
KALLANG/WHAMPOA,1 ROOM,4,2024,201991.953125
KALLANG/WHAMPOA,1 ROOM,5,2024,203882.3984375
KALLANG/WHAMPOA,1 ROOM,6,2024,205860.0625
KALLANG/WHAMPOA,1 ROOM,7,2024,207767.03125
KALLANG/WHAMPOA,1 ROOM,8,2024,209675.0703125
KALLANG/WHAMPOA,1 ROOM,9,2024,211685.6484375
KALLANG/WHAMPOA,1 ROOM,10,2024,214215.7578125
KALLANG/WHAMPOA,1 ROOM,11,2024,216729.3359375
KALLANG/WHAMPOA,1 ROOM,12,2024,219258.8359375
KALLANG/WHAMPOA,2 ROOM,1,2024,322881.890625
KALLANG/WHAMPOA,2 ROOM,2,2024,324824.5078125
KALLANG/WHAMPOA,2 ROOM,3,2024,326716.4609375
KALLANG/WHAMPOA,2 ROOM,4,2024,328640.578125
KALLANG/WHAMPOA,2 ROOM,5,2024,330601.25
KALLANG/WHAMPOA,2 ROOM,6,2024,332491.6953125
KALLANG/WHAMPOA,2 ROOM,7,2024,334435.0703125
KALLANG/WHAMPOA,2 ROOM,8,2024,336360.3984375
KALLANG/WHAMPOA,2 ROOM,9,2024,338268.2890625
KALLANG/WHAMPOA,2 ROOM,10,2024,340159.9375
KALLANG/WHAMPOA,2 ROOM,11,2024,342084.359375
KALLANG/WHAMPOA,2 ROOM,12,2024,344011.9609375
KALLANG/WHAMPOA,3 ROOM,1,2024,448622.640625
KALLANG/WHAMPOA,3 ROOM,2,2024,450565.2578125
KALLANG/WHAMPOA,3 ROOM,3,2024,452474.0546875
KALLANG/WHAMPOA,3 ROOM,4,2024,454398.625
KALLANG/WHAMPOA,3 ROOM,5,2024,456325.3203125
KALLANG/WHAMPOA,3 ROOM,6,2024,458266.2734375
KALLANG/WHAMPOA,3 ROOM,7,2024,460174.3125
KALLANG/WHAMPOA,3 ROOM,8,2024,462118.6015625
KALLANG/WHAMPOA,3 ROOM,9,2024,463992.203125
KALLANG/WHAMPOA,3 ROOM,10,2024,465918.140625
KALLANG/WHAMPOA,3 ROOM,11,2024,467843.765625
KALLANG/WHAMPOA,3 ROOM,12,2024,469786.2421875
KALLANG/WHAMPOA,4 ROOM,1,2024,574398.7421875
KALLANG/WHAMPOA,4 ROOM,2,2024,576322.8515625
KALLANG/WHAMPOA,4 ROOM,3,2024,578214.9609375
KALLANG/WHAMPOA,4 ROOM,4,2024,580140.75
KALLANG/WHAMPOA,4 ROOM,5,2024,582064.859375
KALLANG/WHAMPOA,4 ROOM,6,2024,584024.9296875
KALLANG/WHAMPOA,4 ROOM,7,2024,585916.4296875
KALLANG/WHAMPOA,4 ROOM,8,2024,587859.3515625
KALLANG/WHAMPOA,4 ROOM,9,2024,589750.09375
KALLANG/WHAMPOA,4 ROOM,10,2024,591676.9453125
KALLANG/WHAMPOA,4 ROOM,11,2024,593584.6796875
KALLANG/WHAMPOA,4 ROOM,12,2024,595544.4375
KALLANG/WHAMPOA,5 ROOM,1,2024,701030.375
KALLANG/WHAMPOA,5 ROOM,2,2024,702973.7578125
KALLANG/WHAMPOA,5 ROOM,3,2024,704898.9296875
KALLANG/WHAMPOA,5 ROOM,4,2024,706807.875
KALLANG/WHAMPOA,5 ROOM,5,2024,708732.8984375
KALLANG/WHAMPOA,5 ROOM,6,2024,710658.078125
KALLANG/WHAMPOA,5 ROOM,7,2024,712567.328125
KALLANG/WHAMPOA,5 ROOM,8,2024,714490.6875
KALLANG/WHAMPOA,5 ROOM,9,2024,716417.53125
KALLANG/WHAMPOA,5 ROOM,10,2024,718342.7109375
KALLANG/WHAMPOA,5 ROOM,11,2024,720285.328125
KALLANG/WHAMPOA,5 ROOM,12,2024,722176.984375
KALLANG/WHAMPOA,EXECUTIVE,1,2024,826805.40625
KALLANG/WHAMPOA,EXECUTIVE,2,2024,828749.09375
KALLANG/WHAMPOA,EXECUTIVE,3,2024,830623.1484375
KALLANG/WHAMPOA,EXECUTIVE,4,2024,832513.7421875
KALLANG/WHAMPOA,EXECUTIVE,5,2024,834473.9609375
KALLANG/WHAMPOA,EXECUTIVE,6,2024,836399.2890625
KALLANG/WHAMPOA,EXECUTIVE,7,2024,838341.1484375
KALLANG/WHAMPOA,EXECUTIVE,8,2024,840215.0546875
KALLANG/WHAMPOA,EXECUTIVE,9,2024,842158.5859375
KALLANG/WHAMPOA,EXECUTIVE,10,2024,844083.9140625
KALLANG/WHAMPOA,EXECUTIVE,11,2024,845991.34375
KALLANG/WHAMPOA,EXECUTIVE,12,2024,847918.1953125
KALLANG/WHAMPOA,MULTI-GENERATION,1,2024,952529.328125
KALLANG/WHAMPOA,MULTI-GENERATION,2,2024,954490.453125
KALLANG/WHAMPOA,MULTI-GENERATION,3,2024,956381.046875
KALLANG/WHAMPOA,MULTI-GENERATION,4,2024,958272.3984375
KALLANG/WHAMPOA,MULTI-GENERATION,5,2024,960199.09375
KALLANG/WHAMPOA,MULTI-GENERATION,6,2024,962156.421875
KALLANG/WHAMPOA,MULTI-GENERATION,7,2024,964082.359375
KALLANG/WHAMPOA,MULTI-GENERATION,8,2024,965990.546875
KALLANG/WHAMPOA,MULTI-GENERATION,9,2024,967916.9375
KALLANG/WHAMPOA,MULTI-GENERATION,10,2024,969808.140625
KALLANG/WHAMPOA,MULTI-GENERATION,11,2024,971733.46875
KALLANG/WHAMPOA,MULTI-GENERATION,12,2024,973658.9453125
MARINE PARADE,1 ROOM,1,2024,195440.2890625
MARINE PARADE,1 ROOM,2,2024,195762.109375
MARINE PARADE,1 ROOM,3,2024,197581.40625
MARINE PARADE,1 ROOM,4,2024,199506.4296875
MARINE PARADE,1 ROOM,5,2024,201432.9765625
MARINE PARADE,1 ROOM,6,2024,203323.71875
MARINE PARADE,1 ROOM,7,2024,205267.3984375
MARINE PARADE,1 ROOM,8,2024,207191.515625
MARINE PARADE,1 ROOM,9,2024,209099.5546875
MARINE PARADE,1 ROOM,10,2024,211194.46875
MARINE PARADE,1 ROOM,11,2024,213706.984375
MARINE PARADE,1 ROOM,12,2024,216237.546875
MARINE PARADE,2 ROOM,1,2024,320396.96875
MARINE PARADE,2 ROOM,2,2024,322305.9140625
MARINE PARADE,2 ROOM,3,2024,324214.40625
MARINE PARADE,2 ROOM,4,2024,326123.1953125
MARINE PARADE,2 ROOM,5,2024,328099.1953125
MARINE PARADE,2 ROOM,6,2024,330041.96875
MARINE PARADE,2 ROOM,7,2024,331949.8515625
MARINE PARADE,2 ROOM,8,2024,333823.6015625
MARINE PARADE,2 ROOM,9,2024,335767.59375
MARINE PARADE,2 ROOM,10,2024,337675.4765625
MARINE PARADE,2 ROOM,11,2024,339618.1015625
MARINE PARADE,2 ROOM,12,2024,341509.6015625
MARINE PARADE,3 ROOM,1,2024,446137.875
MARINE PARADE,3 ROOM,2,2024,448064.71875
MARINE PARADE,3 ROOM,3,2024,449955.4609375
MARINE PARADE,3 ROOM,4,2024,451881.546875
MARINE PARADE,3 ROOM,5,2024,453874.2265625
MARINE PARADE,3 ROOM,6,2024,455764.9765625
MARINE PARADE,3 ROOM,7,2024,457673.921875
MARINE PARADE,3 ROOM,8,2024,459564.5078125
MARINE PARADE,3 ROOM,9,2024,461526.09375
MARINE PARADE,3 ROOM,10,2024,463416.8359375
MARINE PARADE,3 ROOM,11,2024,465325.78125
MARINE PARADE,3 ROOM,12,2024,467250.65625
MARINE PARADE,4 ROOM,1,2024,571862.3984375
MARINE PARADE,4 ROOM,2,2024,573805.9296875
MARINE PARADE,4 ROOM,3,2024,575730.1953125
MARINE PARADE,4 ROOM,4,2024,577672.8203125
MARINE PARADE,4 ROOM,5,2024,579598.453125
MARINE PARADE,4 ROOM,6,2024,581489.34375
MARINE PARADE,4 ROOM,7,2024,583415.1328125
MARINE PARADE,4 ROOM,8,2024,585340.609375
MARINE PARADE,4 ROOM,9,2024,587267
MARINE PARADE,4 ROOM,10,2024,589157.59375
MARINE PARADE,4 ROOM,11,2024,591084.5859375
MARINE PARADE,4 ROOM,12,2024,593024.4765625
MARINE PARADE,5 ROOM,1,2024,698580.4921875
MARINE PARADE,5 ROOM,2,2024,700471.0859375
MARINE PARADE,5 ROOM,3,2024,702398.234375
MARINE PARADE,5 ROOM,4,2024,704306.421875
MARINE PARADE,5 ROOM,5,2024,706213.703125
MARINE PARADE,5 ROOM,6,2024,708139.6328125
MARINE PARADE,5 ROOM,7,2024,710064.6640625
MARINE PARADE,5 ROOM,8,2024,711991.359375
MARINE PARADE,5 ROOM,9,2024,713898.1796875
MARINE PARADE,5 ROOM,10,2024,715842.015625
MARINE PARADE,5 ROOM,11,2024,717732.6015625
MARINE PARADE,5 ROOM,12,2024,719657.4765625
MARINE PARADE,EXECUTIVE,1,2024,824304.8671875
MARINE PARADE,EXECUTIVE,2,2024,826212.6015625
MARINE PARADE,EXECUTIVE,3,2024,828173.578125
MARINE PARADE,EXECUTIVE,4,2024,830047.4765625
MARINE PARADE,EXECUTIVE,5,2024,831955.2109375
MARINE PARADE,EXECUTIVE,6,2024,833897.984375
MARINE PARADE,EXECUTIVE,7,2024,835840
MARINE PARADE,EXECUTIVE,8,2024,837765.484375
MARINE PARADE,EXECUTIVE,9,2024,839657.1328125
MARINE PARADE,EXECUTIVE,10,2024,841566.0859375
MARINE PARADE,EXECUTIVE,11,2024,843507.796875
MARINE PARADE,EXECUTIVE,12,2024,845432.96875
MARINE PARADE,MULTI-GENERATION,1,2024,950045.921875
MARINE PARADE,MULTI-GENERATION,2,2024,951954.109375
MARINE PARADE,MULTI-GENERATION,3,2024,953879.59375
MARINE PARADE,MULTI-GENERATION,4,2024,955788.5390625
MARINE PARADE,MULTI-GENERATION,5,2024,957712.3515625
MARINE PARADE,MULTI-GENERATION,6,2024,959639.046875
MARINE PARADE,MULTI-GENERATION,7,2024,961580.7578125
MARINE PARADE,MULTI-GENERATION,8,2024,963489.8515625
MARINE PARADE,MULTI-GENERATION,9,2024,965414.8828125
MARINE PARADE,MULTI-GENERATION,10,2024,967305.625
MARINE PARADE,MULTI-GENERATION,11,2024,969232.6171875
MARINE PARADE,MULTI-GENERATION,12,2024,971175.0859375
PASIR RIS,1 ROOM,1,2024,193572.4453125
PASIR RIS,1 ROOM,2,2024,193347.875
PASIR RIS,1 ROOM,3,2024,195079.5
PASIR RIS,1 ROOM,4,2024,196988.8984375
PASIR RIS,1 ROOM,5,2024,198914.078125
PASIR RIS,1 ROOM,6,2024,200839.7109375
PASIR RIS,1 ROOM,7,2024,202747.8984375
PASIR RIS,1 ROOM,8,2024,204673.828125
PASIR RIS,1 ROOM,9,2024,206616.1484375
PASIR RIS,1 ROOM,10,2024,208523.2734375
PASIR RIS,1 ROOM,11,2024,210685.2421875
PASIR RIS,1 ROOM,12,2024,213181.5234375
PASIR RIS,2 ROOM,1,2024,317896.125
PASIR RIS,2 ROOM,2,2024,319821.453125
PASIR RIS,2 ROOM,3,2024,321730.2421875
PASIR RIS,2 ROOM,4,2024,323639.34375
PASIR RIS,2 ROOM,5,2024,325581.359375
PASIR RIS,2 ROOM,6,2024,327522.4609375
PASIR RIS,2 ROOM,7,2024,329431.40625
PASIR RIS,2 ROOM,8,2024,331357.1953125
PASIR RIS,2 ROOM,9,2024,333230.9453125
PASIR RIS,2 ROOM,10,2024,335175.0859375
PASIR RIS,2 ROOM,11,2024,337082.359375
PASIR RIS,2 ROOM,12,2024,339041.9765625
PASIR RIS,3 ROOM,1,2024,443620.4921875
PASIR RIS,3 ROOM,2,2024,445545.5234375
PASIR RIS,3 ROOM,3,2024,447506.5
PASIR RIS,3 ROOM,4,2024,449413.46875
PASIR RIS,3 ROOM,5,2024,451338.953125
PASIR RIS,3 ROOM,6,2024,453264.28125
PASIR RIS,3 ROOM,7,2024,455189.453125
PASIR RIS,3 ROOM,8,2024,457098.25
PASIR RIS,3 ROOM,9,2024,459006.7421875
PASIR RIS,3 ROOM,10,2024,460932.828125
PASIR RIS,3 ROOM,11,2024,462824.1796875
PASIR RIS,3 ROOM,12,2024,464783.9375
PASIR RIS,4 ROOM,1,2024,569395.6796875
PASIR RIS,4 ROOM,2,2024,571321.765625
PASIR RIS,4 ROOM,3,2024,573246.9453125
PASIR RIS,4 ROOM,4,2024,575154.0703125
PASIR RIS,4 ROOM,5,2024,577061.6484375
PASIR RIS,4 ROOM,6,2024,579039.46875
PASIR RIS,4 ROOM,7,2024,580913.6796875
PASIR RIS,4 ROOM,8,2024,582822.46875
PASIR RIS,4 ROOM,9,2024,584747.796875
PASIR RIS,4 ROOM,10,2024,586673.890625
PASIR RIS,4 ROOM,11,2024,588598.4609375
PASIR RIS,4 ROOM,12,2024,590525.1484375
PASIR RIS,5 ROOM,1,2024,696044.609375
PASIR RIS,5 ROOM,2,2024,697987.9921875
PASIR RIS,5 ROOM,3,2024,699878.734375
PASIR RIS,5 ROOM,4,2024,701805.125
PASIR RIS,5 ROOM,5,2024,703730.90625
PASIR RIS,5 ROOM,6,2024,705654.5625
PASIR RIS,5 ROOM,7,2024,707563.6640625
PASIR RIS,5 ROOM,8,2024,709505.6796875
PASIR RIS,5 ROOM,9,2024,711381.40625
PASIR RIS,5 ROOM,10,2024,713322.9609375
PASIR RIS,5 ROOM,11,2024,715266.0390625
PASIR RIS,5 ROOM,12,2024,717191.21875
PASIR RIS,EXECUTIVE,1,2024,821803.109375
PASIR RIS,EXECUTIVE,2,2024,823728.890625
PASIR RIS,EXECUTIVE,3,2024,825603.1015625
PASIR RIS,EXECUTIVE,4,2024,827545.421875
PASIR RIS,EXECUTIVE,5,2024,829488.34375
PASIR RIS,EXECUTIVE,6,2024,831395.9296875
PASIR RIS,EXECUTIVE,7,2024,833305.6328125
PASIR RIS,EXECUTIVE,8,2024,835230.0546875
PASIR RIS,EXECUTIVE,9,2024,837155.6796875
PASIR RIS,EXECUTIVE,10,2024,839098.3046875
PASIR RIS,EXECUTIVE,11,2024,840989.3515625
PASIR RIS,EXECUTIVE,12,2024,842932.4296875
PASIR RIS,MULTI-GENERATION,1,2024,947561.0078125
PASIR RIS,MULTI-GENERATION,2,2024,949453.71875
PASIR RIS,MULTI-GENERATION,3,2024,951378.59375
PASIR RIS,MULTI-GENERATION,4,2024,953320.15625
PASIR RIS,MULTI-GENERATION,5,2024,955212.2578125
PASIR RIS,MULTI-GENERATION,6,2024,957154.4296875
PASIR RIS,MULTI-GENERATION,7,2024,959046.84375
PASIR RIS,MULTI-GENERATION,8,2024,960987.7890625
PASIR RIS,MULTI-GENERATION,9,2024,962897.5
PASIR RIS,MULTI-GENERATION,10,2024,964839.8203125
PASIR RIS,MULTI-GENERATION,11,2024,966730.40625
PASIR RIS,MULTI-GENERATION,12,2024,968689.8671875
PUNGGOL,1 ROOM,1,2024,192271.171875
PUNGGOL,1 ROOM,2,2024,190898.90625
PUNGGOL,1 ROOM,3,2024,192579.109375
PUNGGOL,1 ROOM,4,2024,194469.703125
PUNGGOL,1 ROOM,5,2024,196447.359375
PUNGGOL,1 ROOM,6,2024,198355.3984375
PUNGGOL,1 ROOM,7,2024,200281.484375
PUNGGOL,1 ROOM,8,2024,202155.5390625
PUNGGOL,1 ROOM,9,2024,204114.09375
PUNGGOL,1 ROOM,10,2024,206023.4921875
PUNGGOL,1 ROOM,11,2024,207947.7578125
PUNGGOL,1 ROOM,12,2024,210159.78125
PUNGGOL,2 ROOM,1,2024,315377.828125
PUNGGOL,2 ROOM,2,2024,317320.7578125
PUNGGOL,2 ROOM,3,2024,319228.640625
PUNGGOL,2 ROOM,4,2024,321171.109375
PUNGGOL,2 ROOM,5,2024,323079.75
PUNGGOL,2 ROOM,6,2024,325005.84375
PUNGGOL,2 ROOM,7,2024,326929.8046875
PUNGGOL,2 ROOM,8,2024,328855.1328125
PUNGGOL,2 ROOM,9,2024,330747.2421875
PUNGGOL,2 ROOM,10,2024,332672.1171875
PUNGGOL,2 ROOM,11,2024,334615.34375
PUNGGOL,2 ROOM,12,2024,336523.2265625
PUNGGOL,3 ROOM,1,2024,441135.875
PUNGGOL,3 ROOM,2,2024,443061.96875
PUNGGOL,3 ROOM,3,2024,444969.09375
PUNGGOL,3 ROOM,4,2024,446930.21875
PUNGGOL,3 ROOM,5,2024,448837.6484375
PUNGGOL,3 ROOM,6,2024,450761.765625
PUNGGOL,3 ROOM,7,2024,452671.7734375
PUNGGOL,3 ROOM,8,2024,454579.5
PUNGGOL,3 ROOM,9,2024,456505.890625
PUNGGOL,3 ROOM,10,2024,458430.921875
PUNGGOL,3 ROOM,11,2024,460356.703125
PUNGGOL,3 ROOM,12,2024,462264.2890625
PUNGGOL,4 ROOM,1,2024,566894.078125
PUNGGOL,4 ROOM,2,2024,568819.1015625
PUNGGOL,4 ROOM,3,2024,570762.484375
PUNGGOL,4 ROOM,4,2024,572671.28125
PUNGGOL,4 ROOM,5,2024,574561.5625
PUNGGOL,4 ROOM,6,2024,576503.4296875
PUNGGOL,4 ROOM,7,2024,578429.6640625
PUNGGOL,4 ROOM,8,2024,580338.0078125
PUNGGOL,4 ROOM,9,2024,582230.1171875
PUNGGOL,4 ROOM,10,2024,584171.5234375
PUNGGOL,4 ROOM,11,2024,586097.609375
PUNGGOL,4 ROOM,12,2024,588022.1796875
PUNGGOL,5 ROOM,1,2024,693544.3671875
PUNGGOL,5 ROOM,2,2024,695486.0859375
PUNGGOL,5 ROOM,3,2024,697395.484375
PUNGGOL,5 ROOM,4,2024,699286.0703125
PUNGGOL,5 ROOM,5,2024,701245.2265625
PUNGGOL,5 ROOM,6,2024,703154.0234375
PUNGGOL,5 ROOM,7,2024,705044.6171875
PUNGGOL,5 ROOM,8,2024,706971.0078125
PUNGGOL,5 ROOM,9,2024,708913.4765625
PUNGGOL,5 ROOM,10,2024,710839.5625
PUNGGOL,5 ROOM,11,2024,712746.9921875
PUNGGOL,5 ROOM,12,2024,714671.5625
PUNGGOL,EXECUTIVE,1,2024,819285.125
PUNGGOL,EXECUTIVE,2,2024,821227.7421875
PUNGGOL,EXECUTIVE,3,2024,823136.5390625
PUNGGOL,EXECUTIVE,4,2024,825060.6484375
PUNGGOL,EXECUTIVE,5,2024,826985.984375
PUNGGOL,EXECUTIVE,6,2024,828912.0703125
PUNGGOL,EXECUTIVE,7,2024,830803.421875
PUNGGOL,EXECUTIVE,8,2024,832746.953125
PUNGGOL,EXECUTIVE,9,2024,834654.9921875
PUNGGOL,EXECUTIVE,10,2024,836597.4609375
PUNGGOL,EXECUTIVE,11,2024,838522.3359375
PUNGGOL,EXECUTIVE,12,2024,840430.21875
PUNGGOL,MULTI-GENERATION,1,2024,945060.3125
PUNGGOL,MULTI-GENERATION,2,2024,946985.640625
PUNGGOL,MULTI-GENERATION,3,2024,948858.9375
PUNGGOL,MULTI-GENERATION,4,2024,950802.3203125
PUNGGOL,MULTI-GENERATION,5,2024,952710.203125
PUNGGOL,MULTI-GENERATION,6,2024,954653.28125
PUNGGOL,MULTI-GENERATION,7,2024,956561.921875
PUNGGOL,MULTI-GENERATION,8,2024,958488.6171875
PUNGGOL,MULTI-GENERATION,9,2024,960412.578125
PUNGGOL,MULTI-GENERATION,10,2024,962337.90625
PUNGGOL,MULTI-GENERATION,11,2024,964263.6953125
PUNGGOL,MULTI-GENERATION,12,2024,966187.8046875
QUEENSTOWN,1 ROOM,1,2024,190809.3984375
QUEENSTOWN,1 ROOM,2,2024,188939.140625
QUEENSTOWN,1 ROOM,3,2024,189918.0703125
QUEENSTOWN,1 ROOM,4,2024,191827.015625
QUEENSTOWN,1 ROOM,5,2024,193769.1796875
QUEENSTOWN,1 ROOM,6,2024,195676.609375
QUEENSTOWN,1 ROOM,7,2024,197620.6015625
QUEENSTOWN,1 ROOM,8,2024,199527.578125
QUEENSTOWN,1 ROOM,9,2024,201453.2109375
QUEENSTOWN,1 ROOM,10,2024,203379.75
QUEENSTOWN,1 ROOM,11,2024,205287.6328125
QUEENSTOWN,1 ROOM,12,2024,207213.265625
QUEENSTOWN,2 ROOM,1,2024,312734.84375
QUEENSTOWN,2 ROOM,2,2024,314642.4296875
QUEENSTOWN,2 ROOM,3,2024,316567.90625
QUEENSTOWN,2 ROOM,4,2024,318510.2265625
QUEENSTOWN,2 ROOM,5,2024,320417.9609375
QUEENSTOWN,2 ROOM,6,2024,322362.25
QUEENSTOWN,2 ROOM,7,2024,324252.9921875
QUEENSTOWN,2 ROOM,8,2024,326212.453125
QUEENSTOWN,2 ROOM,9,2024,328103.953125
QUEENSTOWN,2 ROOM,10,2024,330028.375
QUEENSTOWN,2 ROOM,11,2024,331937.625
QUEENSTOWN,2 ROOM,12,2024,333862.953125
QUEENSTOWN,3 ROOM,1,2024,438491.2265625
QUEENSTOWN,3 ROOM,2,2024,440401.078125
QUEENSTOWN,3 ROOM,3,2024,442325.6484375
QUEENSTOWN,3 ROOM,4,2024,444234.4453125
QUEENSTOWN,3 ROOM,5,2024,446211.046875
QUEENSTOWN,3 ROOM,6,2024,448119.9921875
QUEENSTOWN,3 ROOM,7,2024,450009.9765625
QUEENSTOWN,3 ROOM,8,2024,451936.0625
QUEENSTOWN,3 ROOM,9,2024,453845.015625
QUEENSTOWN,3 ROOM,10,2024,455769.734375
QUEENSTOWN,3 ROOM,11,2024,457661.6875
QUEENSTOWN,3 ROOM,12,2024,459621.296875
QUEENSTOWN,4 ROOM,1,2024,564232.28125
QUEENSTOWN,4 ROOM,2,2024,566159.4296875
QUEENSTOWN,4 ROOM,3,2024,568083.3984375
QUEENSTOWN,4 ROOM,4,2024,569992.9453125
QUEENSTOWN,4 ROOM,5,2024,571918.4296875
QUEENSTOWN,4 ROOM,6,2024,573860.59375
QUEENSTOWN,4 ROOM,7,2024,575785.46875
QUEENSTOWN,4 ROOM,8,2024,577693.8125
QUEENSTOWN,4 ROOM,9,2024,579603.359375
QUEENSTOWN,4 ROOM,10,2024,581493.953125
QUEENSTOWN,4 ROOM,11,2024,583437.640625
QUEENSTOWN,4 ROOM,12,2024,585378.7421875
QUEENSTOWN,5 ROOM,1,2024,690900.015625
QUEENSTOWN,5 ROOM,2,2024,692824.890625
QUEENSTOWN,5 ROOM,3,2024,694751.1328125
QUEENSTOWN,5 ROOM,4,2024,696659.46875
QUEENSTOWN,5 ROOM,5,2024,698585.25
QUEENSTOWN,5 ROOM,6,2024,700476.1484375
QUEENSTOWN,5 ROOM,7,2024,702401.9296875
QUEENSTOWN,5 ROOM,8,2024,704344.5546875
QUEENSTOWN,5 ROOM,9,2024,706251.53125
QUEENSTOWN,5 ROOM,10,2024,708194.9140625
QUEENSTOWN,5 ROOM,11,2024,710086.4140625
QUEENSTOWN,5 ROOM,12,2024,712029.1796875
QUEENSTOWN,EXECUTIVE,1,2024,816675.2109375
QUEENSTOWN,EXECUTIVE,2,2024,818549.4140625
QUEENSTOWN,EXECUTIVE,3,2024,820492.9453125
QUEENSTOWN,EXECUTIVE,4,2024,822400.6796875
QUEENSTOWN,EXECUTIVE,5,2024,824307.9609375
QUEENSTOWN,EXECUTIVE,6,2024,826252.09375
QUEENSTOWN,EXECUTIVE,7,2024,828159.6796875
QUEENSTOWN,EXECUTIVE,8,2024,830101.84375
QUEENSTOWN,EXECUTIVE,9,2024,832010.1796875
QUEENSTOWN,EXECUTIVE,10,2024,833919.28125
QUEENSTOWN,EXECUTIVE,11,2024,835844
QUEENSTOWN,EXECUTIVE,12,2024,837786.4765625
QUEENSTOWN,MULTI-GENERATION,1,2024,942399.2734375
QUEENSTOWN,MULTI-GENERATION,2,2024,944324.6015625
QUEENSTOWN,MULTI-GENERATION,3,2024,946250.84375
QUEENSTOWN,MULTI-GENERATION,4,2024,948124.75
QUEENSTOWN,MULTI-GENERATION,5,2024,950032.9375
QUEENSTOWN,MULTI-GENERATION,6,2024,951993.3046875
QUEENSTOWN,MULTI-GENERATION,7,2024,953933.8046875
QUEENSTOWN,MULTI-GENERATION,8,2024,955843.0546875
QUEENSTOWN,MULTI-GENERATION,9,2024,957734.40625
QUEENSTOWN,MULTI-GENERATION,10,2024,959677.78125
QUEENSTOWN,MULTI-GENERATION,11,2024,961568.5234375
QUEENSTOWN,MULTI-GENERATION,12,2024,963527.6796875
SEMBAWANG,1 ROOM,1,2024,189475.3515625
SEMBAWANG,1 ROOM,2,2024,187604.9453125
SEMBAWANG,1 ROOM,3,2024,187416.3125
SEMBAWANG,1 ROOM,4,2024,189358.7890625
SEMBAWANG,1 ROOM,5,2024,191250.5859375
SEMBAWANG,1 ROOM,6,2024,193193.515625
SEMBAWANG,1 ROOM,7,2024,195101.09375
SEMBAWANG,1 ROOM,8,2024,197061.921875
SEMBAWANG,1 ROOM,9,2024,198969.1953125
SEMBAWANG,1 ROOM,10,2024,200843.2578125
SEMBAWANG,1 ROOM,11,2024,202804.078125
SEMBAWANG,1 ROOM,12,2024,204728.046875
SEMBAWANG,2 ROOM,1,2024,310249.625
SEMBAWANG,2 ROOM,2,2024,312157.6640625
SEMBAWANG,2 ROOM,3,2024,314049.921875
SEMBAWANG,2 ROOM,4,2024,315992.234375
SEMBAWANG,2 ROOM,5,2024,317934.40625
SEMBAWANG,2 ROOM,6,2024,319859.5859375
SEMBAWANG,2 ROOM,7,2024,321786.125
SEMBAWANG,2 ROOM,8,2024,323693.5546875
SEMBAWANG,2 ROOM,9,2024,325584.296875
SEMBAWANG,2 ROOM,10,2024,327527.6796875
SEMBAWANG,2 ROOM,11,2024,329452.8515625
SEMBAWANG,2 ROOM,12,2024,331378.9453125
SEMBAWANG,3 ROOM,1,2024,435973.84375
SEMBAWANG,3 ROOM,2,2024,437898.71875
SEMBAWANG,3 ROOM,3,2024,439825.109375
SEMBAWANG,3 ROOM,4,2024,441733.4453125
SEMBAWANG,3 ROOM,5,2024,443676.0703125
SEMBAWANG,3 ROOM,6,2024,445634.921875
SEMBAWANG,3 ROOM,7,2024,447543.71875
SEMBAWANG,3 ROOM,8,2024,449451.453125
SEMBAWANG,3 ROOM,9,2024,451326.265625
SEMBAWANG,3 ROOM,10,2024,453269.4921875
SEMBAWANG,3 ROOM,11,2024,455177.078125
SEMBAWANG,3 ROOM,12,2024,457137.4453125
SEMBAWANG,4 ROOM,1,2024,561715.203125
SEMBAWANG,4 ROOM,2,2024,563657.671875
SEMBAWANG,4 ROOM,3,2024,565566.625
SEMBAWANG,4 ROOM,4,2024,567508.03125
SEMBAWANG,4 ROOM,5,2024,569434.5703125
SEMBAWANG,4 ROOM,6,2024,571375.9765625
SEMBAWANG,4 ROOM,7,2024,573249.734375
SEMBAWANG,4 ROOM,8,2024,575175.671875
SEMBAWANG,4 ROOM,9,2024,577101.296875
SEMBAWANG,4 ROOM,10,2024,579027.84375
SEMBAWANG,4 ROOM,11,2024,580901.4453125
SEMBAWANG,4 ROOM,12,2024,582861.8125
SEMBAWANG,5 ROOM,1,2024,688431.9375
SEMBAWANG,5 ROOM,2,2024,690307.5078125
SEMBAWANG,5 ROOM,3,2024,692214.9453125
SEMBAWANG,5 ROOM,4,2024,694176.0703125
SEMBAWANG,5 ROOM,5,2024,696100.640625
SEMBAWANG,5 ROOM,6,2024,697974.3984375
SEMBAWANG,5 ROOM,7,2024,699883.796875
SEMBAWANG,5 ROOM,8,2024,701808.2109375
SEMBAWANG,5 ROOM,9,2024,703785.2734375
SEMBAWANG,5 ROOM,10,2024,705658.875
SEMBAWANG,5 ROOM,11,2024,707619.2421875
SEMBAWANG,5 ROOM,12,2024,709527.125
SEMBAWANG,EXECUTIVE,1,2024,814156.3125
SEMBAWANG,EXECUTIVE,2,2024,816082.25
SEMBAWANG,EXECUTIVE,3,2024,817973.59375
SEMBAWANG,EXECUTIVE,4,2024,819917.5859375
SEMBAWANG,EXECUTIVE,5,2024,821824.859375
SEMBAWANG,EXECUTIVE,6,2024,823732.59375
SEMBAWANG,EXECUTIVE,7,2024,825675.359375
SEMBAWANG,EXECUTIVE,8,2024,827566.5625
SEMBAWANG,EXECUTIVE,9,2024,829509.484375
SEMBAWANG,EXECUTIVE,10,2024,831417.828125
SEMBAWANG,EXECUTIVE,11,2024,833360.4453125
SEMBAWANG,EXECUTIVE,12,2024,835251.34375
SEMBAWANG,MULTI-GENERATION,1,2024,939897.2109375
SEMBAWANG,MULTI-GENERATION,2,2024,941806.6171875
SEMBAWANG,MULTI-GENERATION,3,2024,943732.3984375
SEMBAWANG,MULTI-GENERATION,4,2024,945656.8203125
SEMBAWANG,MULTI-GENERATION,5,2024,947549.234375
SEMBAWANG,MULTI-GENERATION,6,2024,949490.7890625
SEMBAWANG,MULTI-GENERATION,7,2024,951399.5859375
SEMBAWANG,MULTI-GENERATION,8,2024,953358.2890625
SEMBAWANG,MULTI-GENERATION,9,2024,955284.6796875
SEMBAWANG,MULTI-GENERATION,10,2024,957158.8828125
SEMBAWANG,MULTI-GENERATION,11,2024,959066.6171875
SEMBAWANG,MULTI-GENERATION,12,2024,961009.5390625
SENGKANG,1 ROOM,1,2024,188705.921875
SENGKANG,1 ROOM,2,2024,186251.9375
SENGKANG,1 ROOM,3,2024,185562.734375
SENGKANG,1 ROOM,4,2024,186840.0390625
SENGKANG,1 ROOM,5,2024,188783.875
SENGKANG,1 ROOM,6,2024,190708.75
SENGKANG,1 ROOM,7,2024,192601.0078125
SENGKANG,1 ROOM,8,2024,194526.1875
SENGKANG,1 ROOM,9,2024,196451.2109375
SENGKANG,1 ROOM,10,2024,198393.6796875
SENGKANG,1 ROOM,11,2024,200283.6640625
SENGKANG,1 ROOM,12,2024,202227.5
SENGKANG,2 ROOM,1,2024,307749.078125
SENGKANG,2 ROOM,2,2024,309639.5234375
SENGKANG,2 ROOM,3,2024,311582.296875
SENGKANG,2 ROOM,4,2024,313508.984375
SENGKANG,2 ROOM,5,2024,315416.5703125
SENGKANG,2 ROOM,6,2024,317341.75
SENGKANG,2 ROOM,7,2024,319265.859375
SENGKANG,2 ROOM,8,2024,321226.9921875
SENGKANG,2 ROOM,9,2024,323101.203125
SENGKANG,2 ROOM,10,2024,324991.7890625
SENGKANG,2 ROOM,11,2024,326952.0078125
SENGKANG,2 ROOM,12,2024,328859.7421875
SENGKANG,3 ROOM,1,2024,433471.78125
SENGKANG,3 ROOM,2,2024,435415.015625
SENGKANG,3 ROOM,3,2024,437323.3515625
SENGKANG,3 ROOM,4,2024,439266.734375
SENGKANG,3 ROOM,5,2024,441174.0078125
SENGKANG,3 ROOM,6,2024,443099.3359375
SENGKANG,3 ROOM,7,2024,445024.96875
SENGKANG,3 ROOM,8,2024,446933.0078125
SENGKANG,3 ROOM,9,2024,448858.9375
SENGKANG,3 ROOM,10,2024,450750.4453125
SENGKANG,3 ROOM,11,2024,452659.6953125
SENGKANG,3 ROOM,12,2024,454617.7890625
SENGKANG,4 ROOM,1,2024,559230.2890625
SENGKANG,4 ROOM,2,2024,561156.6796875
SENGKANG,4 ROOM,3,2024,563082.0078125
SENGKANG,4 ROOM,4,2024,565024.328125
SENGKANG,4 ROOM,5,2024,566914.4609375
SENGKANG,4 ROOM,6,2024,568858.140625
SENGKANG,4 ROOM,7,2024,570783.4765625
SENGKANG,4 ROOM,8,2024,572691.203125
SENGKANG,4 ROOM,9,2024,574600.9140625
SENGKANG,4 ROOM,10,2024,576508.3359375
SENGKANG,4 ROOM,11,2024,578434.4296875
SENGKANG,4 ROOM,12,2024,580393.5859375
SENGKANG,5 ROOM,1,2024,685913.953125
SENGKANG,5 ROOM,2,2024,687839.578125
SENGKANG,5 ROOM,3,2024,689748.8359375
SENGKANG,5 ROOM,4,2024,691622.5859375
SENGKANG,5 ROOM,5,2024,693599.9453125
SENGKANG,5 ROOM,6,2024,695490.84375
SENGKANG,5 ROOM,7,2024,697431.9453125
SENGKANG,5 ROOM,8,2024,699341.6484375
SENGKANG,5 ROOM,9,2024,701232.6953125
SENGKANG,5 ROOM,10,2024,703158.9375
SENGKANG,5 ROOM,11,2024,705135.078125
SENGKANG,5 ROOM,12,2024,707044.0234375
SENGKANG,EXECUTIVE,1,2024,811690.046875
SENGKANG,EXECUTIVE,2,2024,813563.8046875
SENGKANG,EXECUTIVE,3,2024,815489.734375
SENGKANG,EXECUTIVE,4,2024,817380.484375
SENGKANG,EXECUTIVE,5,2024,819322.796875
SENGKANG,EXECUTIVE,6,2024,821248.5859375
SENGKANG,EXECUTIVE,7,2024,823156.3125
SENGKANG,EXECUTIVE,8,2024,825083.015625
SENGKANG,EXECUTIVE,9,2024,826990.4375
SENGKANG,EXECUTIVE,10,2024,828916.6796875
SENGKANG,EXECUTIVE,11,2024,830876.2890625
SENGKANG,EXECUTIVE,12,2024,832766.7265625
SENGKANG,MULTI-GENERATION,1,2024,937414.1171875
SENGKANG,MULTI-GENERATION,2,2024,939305.0078125
SENGKANG,MULTI-GENERATION,3,2024,941230.796875
SENGKANG,MULTI-GENERATION,4,2024,943122.296875
SENGKANG,MULTI-GENERATION,5,2024,945080.6953125
SENGKANG,MULTI-GENERATION,6,2024,946990.09375
SENGKANG,MULTI-GENERATION,7,2024,948915.125
SENGKANG,MULTI-GENERATION,8,2024,950807.078125
SENGKANG,MULTI-GENERATION,9,2024,952765.78125
SENGKANG,MULTI-GENERATION,10,2024,954709.6171875
SENGKANG,MULTI-GENERATION,11,2024,956617.3515625
SENGKANG,MULTI-GENERATION,12,2024,958490.9453125
SERANGOON,1 ROOM,1,2024,188264.7578125
SERANGOON,1 ROOM,2,2024,185466.125
SERANGOON,1 ROOM,3,2024,184174.3828125
SERANGOON,1 ROOM,4,2024,184373.4765625
SERANGOON,1 ROOM,5,2024,186247.3828125
SERANGOON,1 ROOM,6,2024,188242.1875
SERANGOON,1 ROOM,7,2024,190132.7734375
SERANGOON,1 ROOM,8,2024,192042.1796875
SERANGOON,1 ROOM,9,2024,193933.53125
SERANGOON,1 ROOM,10,2024,195874.78125
SERANGOON,1 ROOM,11,2024,197817.40625
SERANGOON,1 ROOM,12,2024,199759.5703125
SERANGOON,2 ROOM,1,2024,305264.1640625
SERANGOON,2 ROOM,2,2024,307172.203125
SERANGOON,2 ROOM,3,2024,309081.6015625
SERANGOON,2 ROOM,4,2024,310989.3359375
SERANGOON,2 ROOM,5,2024,312949.25
SERANGOON,2 ROOM,6,2024,314857.28125
SERANGOON,2 ROOM,7,2024,316766.2265625
SERANGOON,2 ROOM,8,2024,318691.1015625
SERANGOON,2 ROOM,9,2024,320615.671875
SERANGOON,2 ROOM,10,2024,322508.0859375
SERANGOON,2 ROOM,11,2024,324450.859375
SERANGOON,2 ROOM,12,2024,326376.0390625
SERANGOON,3 ROOM,1,2024,431005.9765625
SERANGOON,3 ROOM,2,2024,432896.875
SERANGOON,3 ROOM,3,2024,434822.65625
SERANGOON,3 ROOM,4,2024,436746.7734375
SERANGOON,3 ROOM,5,2024,438707.6015625
SERANGOON,3 ROOM,6,2024,440581.3515625
SERANGOON,3 ROOM,7,2024,442523.96875
SERANGOON,3 ROOM,8,2024,444449.1484375
SERANGOON,3 ROOM,9,2024,446340.046875
SERANGOON,3 ROOM,10,2024,448266.5859375
SERANGOON,3 ROOM,11,2024,450207.84375
SERANGOON,3 ROOM,12,2024,452117.09375
SERANGOON,4 ROOM,1,2024,556763.875
SERANGOON,4 ROOM,2,2024,558637.78125
SERANGOON,4 ROOM,3,2024,560563.109375
SERANGOON,4 ROOM,4,2024,562506.03125
SERANGOON,4 ROOM,5,2024,564431.96875
SERANGOON,4 ROOM,6,2024,566355.78125
SERANGOON,4 ROOM,7,2024,568263.96875
SERANGOON,4 ROOM,8,2024,570173.5234375
SERANGOON,4 ROOM,9,2024,572098.546875
SERANGOON,4 ROOM,10,2024,574025.2421875
SERANGOON,4 ROOM,11,2024,575932.3671875
SERANGOON,4 ROOM,12,2024,577875.2890625
SERANGOON,5 ROOM,1,2024,683378.671875
SERANGOON,5 ROOM,2,2024,685305.0625
SERANGOON,5 ROOM,3,2024,687229.6328125
SERANGOON,5 ROOM,4,2024,689173.1640625
SERANGOON,5 ROOM,5,2024,691063.75
SERANGOON,5 ROOM,6,2024,692988.4765625
SERANGOON,5 ROOM,7,2024,694914.5625
SERANGOON,5 ROOM,8,2024,696822.1484375
SERANGOON,5 ROOM,9,2024,698783.2734375
SERANGOON,5 ROOM,10,2024,700657.484375
SERANGOON,5 ROOM,11,2024,702600.2578125
SERANGOON,5 ROOM,12,2024,704541.96875
SERANGOON,EXECUTIVE,1,2024,809119.8828125
SERANGOON,EXECUTIVE,2,2024,811080.1015625
SERANGOON,EXECUTIVE,3,2024,813005.125
SERANGOON,EXECUTIVE,4,2024,814897.234375
SERANGOON,EXECUTIVE,5,2024,816855.4765625
SERANGOON,EXECUTIVE,6,2024,818746.9765625
SERANGOON,EXECUTIVE,7,2024,820655.7734375
SERANGOON,EXECUTIVE,8,2024,822581.1015625
SERANGOON,EXECUTIVE,9,2024,824507.4921875
SERANGOON,EXECUTIVE,10,2024,826415.2265625
SERANGOON,EXECUTIVE,11,2024,828357.84375
SERANGOON,EXECUTIVE,12,2024,830266.3359375
SERANGOON,MULTI-GENERATION,1,2024,934894.15625
SERANGOON,MULTI-GENERATION,2,2024,936804.7734375
SERANGOON,MULTI-GENERATION,3,2024,938729.4921875
SERANGOON,MULTI-GENERATION,4,2024,940636.46875
SERANGOON,MULTI-GENERATION,5,2024,942580
SERANGOON,MULTI-GENERATION,6,2024,944487.734375
SERANGOON,MULTI-GENERATION,7,2024,946413.671875
SERANGOON,MULTI-GENERATION,8,2024,948339.90625
SERANGOON,MULTI-GENERATION,9,2024,950266
SERANGOON,MULTI-GENERATION,10,2024,952173.2734375
SERANGOON,MULTI-GENERATION,11,2024,954098.296875
SERANGOON,MULTI-GENERATION,12,2024,956040.3125
TAMPINES,1 ROOM,1,2024,187837.6953125
TAMPINES,1 ROOM,2,2024,184989.0078125
TAMPINES,1 ROOM,3,2024,183232.78125
TAMPINES,1 ROOM,4,2024,182502.90625
TAMPINES,1 ROOM,5,2024,183781.2734375
TAMPINES,1 ROOM,6,2024,185688.703125
TAMPINES,1 ROOM,7,2024,187632.5390625
TAMPINES,1 ROOM,8,2024,189522.9765625
TAMPINES,1 ROOM,9,2024,191447.703125
TAMPINES,1 ROOM,10,2024,193374.2421875
TAMPINES,1 ROOM,11,2024,195282.2734375
TAMPINES,1 ROOM,12,2024,197224.4453125
TAMPINES,2 ROOM,1,2024,302746.78125
TAMPINES,2 ROOM,2,2024,304654.3671875
TAMPINES,2 ROOM,3,2024,306579.6953125
TAMPINES,2 ROOM,4,2024,308522.0078125
TAMPINES,2 ROOM,5,2024,310429.7421875
TAMPINES,2 ROOM,6,2024,312356.7421875
TAMPINES,2 ROOM,7,2024,314247.484375
TAMPINES,2 ROOM,8,2024,316190.7109375
TAMPINES,2 ROOM,9,2024,318098.296875
TAMPINES,2 ROOM,10,2024,320023.3203125
TAMPINES,2 ROOM,11,2024,321948.6484375
TAMPINES,2 ROOM,12,2024,323891.265625
TAMPINES,3 ROOM,1,2024,428503.0078125
TAMPINES,3 ROOM,2,2024,430413.171875
TAMPINES,3 ROOM,3,2024,432337.4375
TAMPINES,3 ROOM,4,2024,434246.53125
TAMPINES,3 ROOM,5,2024,436205.390625
TAMPINES,3 ROOM,6,2024,438114.484375
TAMPINES,3 ROOM,7,2024,439988.234375
TAMPINES,3 ROOM,8,2024,441930.7109375
TAMPINES,3 ROOM,9,2024,443839.8046875
TAMPINES,3 ROOM,10,2024,445764.375
TAMPINES,3 ROOM,11,2024,447672.8671875
TAMPINES,3 ROOM,12,2024,449649.46875
TAMPINES,4 ROOM,1,2024,554244.21875
TAMPINES,4 ROOM,2,2024,556187.75
TAMPINES,4 ROOM,3,2024,558095.328125
TAMPINES,4 ROOM,4,2024,559987.59375
TAMPINES,4 ROOM,5,2024,561913.0703125
TAMPINES,4 ROOM,6,2024,563838.8515625
TAMPINES,4 ROOM,7,2024,565780.265625
TAMPINES,4 ROOM,8,2024,567688.6015625
TAMPINES,4 ROOM,9,2024,569598.3046875
TAMPINES,4 ROOM,10,2024,571505.1328125
TAMPINES,4 ROOM,11,2024,573465.8046875
TAMPINES,4 ROOM,12,2024,575390.5234375
TAMPINES,5 ROOM,1,2024,680878.125
TAMPINES,5 ROOM,2,2024,682803.3046875
TAMPINES,5 ROOM,3,2024,684729.390625
TAMPINES,5 ROOM,4,2024,686653.9609375
TAMPINES,5 ROOM,5,2024,688596.1328125
TAMPINES,5 ROOM,6,2024,690487.1796875
TAMPINES,5 ROOM,7,2024,692412.65625
TAMPINES,5 ROOM,8,2024,694356.34375
TAMPINES,5 ROOM,9,2024,696246.78125
TAMPINES,5 ROOM,10,2024,698190.4609375
TAMPINES,5 ROOM,11,2024,700081.8125
TAMPINES,5 ROOM,12,2024,702041.125
TAMPINES,EXECUTIVE,1,2024,806653.46875
TAMPINES,EXECUTIVE,2,2024,808527.375
TAMPINES,EXECUTIVE,3,2024,810487.7421875
TAMPINES,EXECUTIVE,4,2024,812411.703125
TAMPINES,EXECUTIVE,5,2024,814318.984375
TAMPINES,EXECUTIVE,6,2024,816262.96875
TAMPINES,EXECUTIVE,7,2024,818171.609375
TAMPINES,EXECUTIVE,8,2024,820097.3984375
TAMPINES,EXECUTIVE,9,2024,822005.734375
TAMPINES,EXECUTIVE,10,2024,823914.8359375
TAMPINES,EXECUTIVE,11,2024,825839.5546875
TAMPINES,EXECUTIVE,12,2024,827814.640625
TAMPINES,MULTI-GENERATION,1,2024,932377.3828125
TAMPINES,MULTI-GENERATION,2,2024,934319.3984375
TAMPINES,MULTI-GENERATION,3,2024,936261.71875
TAMPINES,MULTI-GENERATION,4,2024,938135.921875
TAMPINES,MULTI-GENERATION,5,2024,940043.9609375
TAMPINES,MULTI-GENERATION,6,2024,942021.3203125
TAMPINES,MULTI-GENERATION,7,2024,943929.203125
TAMPINES,MULTI-GENERATION,8,2024,945838.3046875
TAMPINES,MULTI-GENERATION,9,2024,947730.109375
TAMPINES,MULTI-GENERATION,10,2024,949673.1875
TAMPINES,MULTI-GENERATION,11,2024,951596.390625
TAMPINES,MULTI-GENERATION,12,2024,953539.0078125
TOA PAYOH,1 ROOM,1,2024,187430.359375
TOA PAYOH,1 ROOM,2,2024,184581.6640625
TOA PAYOH,1 ROOM,3,2024,182737.3046875
TOA PAYOH,1 ROOM,4,2024,181492.4296875
TOA PAYOH,1 ROOM,5,2024,181262.2265625
TOA PAYOH,1 ROOM,6,2024,183205.453125
TOA PAYOH,1 ROOM,7,2024,185113.3359375
TOA PAYOH,1 ROOM,8,2024,187073.1015625
TOA PAYOH,1 ROOM,9,2024,188963.84375
TOA PAYOH,1 ROOM,10,2024,190837.8984375
TOA PAYOH,1 ROOM,11,2024,192798.5703125
TOA PAYOH,1 ROOM,12,2024,194706.453125
TOA PAYOH,2 ROOM,1,2024,300261.5625
TOA PAYOH,2 ROOM,2,2024,302169.75
TOA PAYOH,2 ROOM,3,2024,304078.0859375
TOA PAYOH,2 ROOM,4,2024,306003.265625
TOA PAYOH,2 ROOM,5,2024,307929.046875
TOA PAYOH,2 ROOM,6,2024,309853.921875
TOA PAYOH,2 ROOM,7,2024,311764.3828125
TOA PAYOH,2 ROOM,8,2024,313671.8203125
TOA PAYOH,2 ROOM,9,2024,315562.40625
TOA PAYOH,2 ROOM,10,2024,317539.0078125
TOA PAYOH,2 ROOM,11,2024,319481.0234375
TOA PAYOH,2 ROOM,12,2024,321406.9609375
TOA PAYOH,3 ROOM,1,2024,425985.78125
TOA PAYOH,3 ROOM,2,2024,427926.734375
TOA PAYOH,3 ROOM,3,2024,429853.4296875
TOA PAYOH,3 ROOM,4,2024,431744.4765625
TOA PAYOH,3 ROOM,5,2024,433670.7109375
TOA PAYOH,3 ROOM,6,2024,435613.03125
TOA PAYOH,3 ROOM,7,2024,437521.9765625
TOA PAYOH,3 ROOM,8,2024,439429.7109375
TOA PAYOH,3 ROOM,9,2024,441320.9140625
TOA PAYOH,3 ROOM,10,2024,443297.6640625
TOA PAYOH,3 ROOM,11,2024,445205.546875
TOA PAYOH,3 ROOM,12,2024,447165.9140625
TOA PAYOH,4 ROOM,1,2024,551743.0703125
TOA PAYOH,4 ROOM,2,2024,553685.5390625
TOA PAYOH,4 ROOM,3,2024,555577.953125
TOA PAYOH,4 ROOM,4,2024,557502.671875
TOA PAYOH,4 ROOM,5,2024,559412.6796875
TOA PAYOH,4 ROOM,6,2024,561354.390625
TOA PAYOH,4 ROOM,7,2024,563227.84375
TOA PAYOH,4 ROOM,8,2024,565170.4609375
TOA PAYOH,4 ROOM,9,2024,567129.6171875
TOA PAYOH,4 ROOM,10,2024,569056.1640625
TOA PAYOH,4 ROOM,11,2024,570929.765625
TOA PAYOH,4 ROOM,12,2024,572890.1328125
TOA PAYOH,5 ROOM,1,2024,678410.3515625
TOA PAYOH,5 ROOM,2,2024,680285.7734375
TOA PAYOH,5 ROOM,3,2024,682193.3515625
TOA PAYOH,5 ROOM,4,2024,684170.7109375
TOA PAYOH,5 ROOM,5,2024,686111.359375
TOA PAYOH,5 ROOM,6,2024,688002.5546875
TOA PAYOH,5 ROOM,7,2024,689911.8125
TOA PAYOH,5 ROOM,8,2024,691820
TOA PAYOH,5 ROOM,9,2024,693780.515625
TOA PAYOH,5 ROOM,10,2024,695654.2734375
TOA PAYOH,5 ROOM,11,2024,697631.1796875
TOA PAYOH,5 ROOM,12,2024,699521.765625
TOA PAYOH,EXECUTIVE,1,2024,804134.7265625
TOA PAYOH,EXECUTIVE,2,2024,806060.5078125
TOA PAYOH,EXECUTIVE,3,2024,807968.0859375
TOA PAYOH,EXECUTIVE,4,2024,809928.609375
TOA PAYOH,EXECUTIVE,5,2024,811853.1796875
TOA PAYOH,EXECUTIVE,6,2024,813760.609375
TOA PAYOH,EXECUTIVE,7,2024,815687.453125
TOA PAYOH,EXECUTIVE,8,2024,817578.5
TOA PAYOH,EXECUTIVE,9,2024,819504.7421875
TOA PAYOH,EXECUTIVE,10,2024,821413.078125
TOA PAYOH,EXECUTIVE,11,2024,823372.234375
TOA PAYOH,EXECUTIVE,12,2024,825245.9921875
TOA PAYOH,MULTI-GENERATION,1,2024,929875.625
TOA PAYOH,MULTI-GENERATION,2,2024,931800.953125
TOA PAYOH,MULTI-GENERATION,3,2024,933743.125
TOA PAYOH,MULTI-GENERATION,4,2024,935685.140625
TOA PAYOH,MULTI-GENERATION,5,2024,937577.546875
TOA PAYOH,MULTI-GENERATION,6,2024,939502.7265625
TOA PAYOH,MULTI-GENERATION,7,2024,941411.5234375
TOA PAYOH,MULTI-GENERATION,8,2024,943353.6875
TOA PAYOH,MULTI-GENERATION,9,2024,945280.3828125
TOA PAYOH,MULTI-GENERATION,10,2024,947170.8203125
TOA PAYOH,MULTI-GENERATION,11,2024,949061.4140625
TOA PAYOH,MULTI-GENERATION,12,2024,951020.71875
WOODLANDS,1 ROOM,1,2024,186969.7734375
WOODLANDS,1 ROOM,2,2024,184138.375
WOODLANDS,1 ROOM,3,2024,182225.6015625
WOODLANDS,1 ROOM,4,2024,180980.1171875
WOODLANDS,1 ROOM,5,2024,179753.140625
WOODLANDS,1 ROOM,6,2024,180703.546875
WOODLANDS,1 ROOM,7,2024,182611.8828125
WOODLANDS,1 ROOM,8,2024,184537.2109375
WOODLANDS,1 ROOM,9,2024,186462.234375
WOODLANDS,1 ROOM,10,2024,188388.171875
WOODLANDS,1 ROOM,11,2024,190261.921875
WOODLANDS,1 ROOM,12,2024,192223.0546875
WOODLANDS,2 ROOM,1,2024,297744.484375
WOODLANDS,2 ROOM,2,2024,299667.9921875
WOODLANDS,2 ROOM,3,2024,301593.4765625
WOODLANDS,2 ROOM,4,2024,303520.015625
WOODLANDS,2 ROOM,5,2024,305427.75
WOODLANDS,2 ROOM,6,2024,307336.6953125
WOODLANDS,2 ROOM,7,2024,309244.125
WOODLANDS,2 ROOM,8,2024,311205.25
WOODLANDS,2 ROOM,9,2024,313112.984375
WOODLANDS,2 ROOM,10,2024,315003.421875
WOODLANDS,2 ROOM,11,2024,316980.328125
WOODLANDS,2 ROOM,12,2024,318888.0625
WOODLANDS,3 ROOM,1,2024,423500.2578125
WOODLANDS,3 ROOM,2,2024,425426.0390625
WOODLANDS,3 ROOM,3,2024,427334.2265625
WOODLANDS,3 ROOM,4,2024,429277.90625
WOODLANDS,3 ROOM,5,2024,431168.65625
WOODLANDS,3 ROOM,6,2024,433077.6015625
WOODLANDS,3 ROOM,7,2024,435003.3828125
WOODLANDS,3 ROOM,8,2024,436928.40625
WOODLANDS,3 ROOM,9,2024,438870.578125
WOODLANDS,3 ROOM,10,2024,440778.9140625
WOODLANDS,3 ROOM,11,2024,442688.015625
WOODLANDS,3 ROOM,12,2024,444629.7265625
WOODLANDS,4 ROOM,1,2024,549241.4609375
WOODLANDS,4 ROOM,2,2024,551167.703125
WOODLANDS,4 ROOM,3,2024,553093.3359375
WOODLANDS,4 ROOM,4,2024,555019.1171875
WOODLANDS,4 ROOM,5,2024,556892.875
WOODLANDS,4 ROOM,6,2024,558836.40625
WOODLANDS,4 ROOM,7,2024,560761.734375
WOODLANDS,4 ROOM,8,2024,562702.8359375
WOODLANDS,4 ROOM,9,2024,564629.078125
WOODLANDS,4 ROOM,10,2024,566536.65625
WOODLANDS,4 ROOM,11,2024,568445.6015625
WOODLANDS,4 ROOM,12,2024,570405.515625
WOODLANDS,5 ROOM,1,2024,675892.3671875
WOODLANDS,5 ROOM,2,2024,677817.6953125
WOODLANDS,5 ROOM,3,2024,679743.4765625
WOODLANDS,5 ROOM,4,2024,681634.375
WOODLANDS,5 ROOM,5,2024,683611.8828125
WOODLANDS,5 ROOM,6,2024,685518.859375
WOODLANDS,5 ROOM,7,2024,687444.03125
WOODLANDS,5 ROOM,8,2024,689353.890625
WOODLANDS,5 ROOM,9,2024,691244.6328125
WOODLANDS,5 ROOM,10,2024,693187.1015625
WOODLANDS,5 ROOM,11,2024,695129.7265625
WOODLANDS,5 ROOM,12,2024,697038.515625
WOODLANDS,EXECUTIVE,1,2024,801668.3125
WOODLANDS,EXECUTIVE,2,2024,803558.4453125
WOODLANDS,EXECUTIVE,3,2024,805484.3828125
WOODLANDS,EXECUTIVE,4,2024,807392.1171875
WOODLANDS,EXECUTIVE,5,2024,809351.421875
WOODLANDS,EXECUTIVE,6,2024,811260.8203125
WOODLANDS,EXECUTIVE,7,2024,813168.25
WOODLANDS,EXECUTIVE,8,2024,815094.796875
WOODLANDS,EXECUTIVE,9,2024,817002.375
WOODLANDS,EXECUTIVE,10,2024,818911.3203125
WOODLANDS,EXECUTIVE,11,2024,820870.9296875
WOODLANDS,EXECUTIVE,12,2024,822761.375
WOODLANDS,MULTI-GENERATION,1,2024,927408.7578125
WOODLANDS,MULTI-GENERATION,2,2024,929299.5078125
WOODLANDS,MULTI-GENERATION,3,2024,931242.734375
WOODLANDS,MULTI-GENERATION,4,2024,933150.4609375
WOODLANDS,MULTI-GENERATION,5,2024,935092.6328125
WOODLANDS,MULTI-GENERATION,6,2024,937001.8828125
WOODLANDS,MULTI-GENERATION,7,2024,938927.0546875
WOODLANDS,MULTI-GENERATION,8,2024,940819.3203125
WOODLANDS,MULTI-GENERATION,9,2024,942760.1171875
WOODLANDS,MULTI-GENERATION,10,2024,944704.109375
WOODLANDS,MULTI-GENERATION,11,2024,946611.8359375
WOODLANDS,MULTI-GENERATION,12,2024,948485.59375
YISHUN,1 ROOM,1,2024,186485.9765625
YISHUN,1 ROOM,2,2024,183673.234375
YISHUN,1 ROOM,3,2024,181738.171875
YISHUN,1 ROOM,4,2024,180476.3046875
YISHUN,1 ROOM,5,2024,179232.03125
YISHUN,1 ROOM,6,2024,178367.7421875
YISHUN,1 ROOM,7,2024,179985.734375
YISHUN,1 ROOM,8,2024,181876.9296875
YISHUN,1 ROOM,9,2024,183785.8828125
YISHUN,1 ROOM,10,2024,185711.0546875
YISHUN,1 ROOM,11,2024,187601.1953125
YISHUN,1 ROOM,12,2024,189798.359375
YISHUN,2 ROOM,1,2024,295099.375
YISHUN,2 ROOM,2,2024,297024.703125
YISHUN,2 ROOM,3,2024,298932.890625
YISHUN,2 ROOM,4,2024,300842.2890625
YISHUN,2 ROOM,5,2024,302749.5703125
YISHUN,2 ROOM,6,2024,304709.7890625
YISHUN,2 ROOM,7,2024,306617.8203125
YISHUN,2 ROOM,8,2024,308560.140625
YISHUN,2 ROOM,9,2024,310451.796875
YISHUN,2 ROOM,10,2024,312342.84375
YISHUN,2 ROOM,11,2024,314285.46875
YISHUN,2 ROOM,12,2024,316210.9453125
YISHUN,3 ROOM,1,2024,420858.328125
YISHUN,3 ROOM,2,2024,422783.5078125
YISHUN,3 ROOM,3,2024,424674.1015625
YISHUN,3 ROOM,4,2024,426583.1953125
YISHUN,3 ROOM,5,2024,428524.453125
YISHUN,3 ROOM,6,2024,430468.4453125
YISHUN,3 ROOM,7,2024,432358.8828125
YISHUN,3 ROOM,8,2024,434302.2578125
YISHUN,3 ROOM,9,2024,436192.8515625
YISHUN,3 ROOM,10,2024,438117.421875
YISHUN,3 ROOM,11,2024,440044.875
YISHUN,3 ROOM,12,2024,441985.828125
YISHUN,4 ROOM,1,2024,546615.3125
YISHUN,4 ROOM,2,2024,548507.8828125
YISHUN,4 ROOM,3,2024,550398.625
YISHUN,4 ROOM,4,2024,552340.7890625
YISHUN,4 ROOM,5,2024,554283.4140625
YISHUN,4 ROOM,6,2024,556209.1953125
YISHUN,4 ROOM,7,2024,558099.6328125
YISHUN,4 ROOM,8,2024,560024.8125
YISHUN,4 ROOM,9,2024,561933.90625
YISHUN,4 ROOM,10,2024,563859.0859375
YISHUN,4 ROOM,11,2024,565802.921875
YISHUN,4 ROOM,12,2024,567743.875
YISHUN,5 ROOM,1,2024,673248.6171875
YISHUN,5 ROOM,2,2024,675139.2109375
YISHUN,5 ROOM,3,2024,677081.53125
YISHUN,5 ROOM,4,2024,678973.640625
YISHUN,5 ROOM,5,2024,680933.703125
YISHUN,5 ROOM,6,2024,682824.296875
YISHUN,5 ROOM,7,2024,684784.2109375
YISHUN,5 ROOM,8,2024,686692.3984375
YISHUN,5 ROOM,9,2024,688583.296875
YISHUN,5 ROOM,10,2024,690527.28125
YISHUN,5 ROOM,11,2024,692451.546875
YISHUN,5 ROOM,12,2024,694377.1796875
YISHUN,EXECUTIVE,1,2024,798989.6796875
YISHUN,EXECUTIVE,2,2024,800880.1171875
YISHUN,EXECUTIVE,3,2024,802823.4921875
YISHUN,EXECUTIVE,4,2024,804748.828125
YISHUN,EXECUTIVE,5,2024,806691.296875
YISHUN,EXECUTIVE,6,2024,808582.6484375
YISHUN,EXECUTIVE,7,2024,810507.3671875
YISHUN,EXECUTIVE,8,2024,812433.453125
YISHUN,EXECUTIVE,9,2024,814375.9296875
YISHUN,EXECUTIVE,10,2024,816268.1875
YISHUN,EXECUTIVE,11,2024,818192.453125
YISHUN,EXECUTIVE,12,2024,820135.984375
YISHUN,MULTI-GENERATION,1,2024,924746.96875
YISHUN,MULTI-GENERATION,2,2024,926655.7578125
YISHUN,MULTI-GENERATION,3,2024,928582
YISHUN,MULTI-GENERATION,4,2024,930490.03125
YISHUN,MULTI-GENERATION,5,2024,932432.8125
YISHUN,MULTI-GENERATION,6,2024,934357.2265625
YISHUN,MULTI-GENERATION,7,2024,936248.7265625
YISHUN,MULTI-GENERATION,8,2024,938174.8203125
YISHUN,MULTI-GENERATION,9,2024,940100.4453125
YISHUN,MULTI-GENERATION,10,2024,942009.2421875
YISHUN,MULTI-GENERATION,11,2024,943933.359375
YISHUN,MULTI-GENERATION,12,2024,945860.359375
